% TYPE=CHART-DATA-ASCII V=2.0 TITLE="gAxis_Cutter:Position, 05/27/25, 13:25:59" XUNIT="UnitX" YUNIT="UnitY" FORMULA="DO_NOT_CHANGE_ORIGINAL_DATA" ROWS=873 COLS=2 COLSEP="COMMA" ,
% TYPE=CHART-DATA-ASCII V=2.0 TITLE="gAxis_Conveyor:Position, 05/27/25, 13:25:59" XUNIT="UnitX" YUNIT="UnitY" FORMULA="DO_NOT_CHANGE_ORIGINAL_DATA" ROWS=873 COLS=2 COLSEP="COMMA" ,
% TYPE=CHART-DATA-ASCII V=2.0 TITLE="gAxis_Conveyor:Trigger switch 1, 05/27/25, 13:25:59" XUNIT="UnitX" YUNIT="UnitY" FORMULA="DO_NOT_CHANGE_ORIGINAL_DATA" ROWS=873 COLS=2 COLSEP="COMMA" ,
-0.010000000000000000,0.0000000000000000,-0.010000000000000000,54438.220000000001,-0.010000000000000000,0.0000000000000000,
0.0000000000000000,0.0000000000000000,0.0000000000000000,54439.220000000001,0.0000000000000000,0.0000000000000000,
0.010000000000000000,0.0000000000000000,0.010000000000000000,54440.220000000001,0.010000000000000000,0.0000000000000000,
0.020000000000000000,0.0000000000000000,0.020000000000000000,54441.220000000001,0.020000000000000000,0.0000000000000000,
0.029999999999999999,0.0000000000000000,0.029999999999999999,54442.220000000001,0.029999999999999999,0.0000000000000000,
0.040000000000000001,0.0000000000000000,0.040000000000000001,54443.220000000001,0.040000000000000001,0.0000000000000000,
0.050000000000000003,0.0000000000000000,0.050000000000000003,54444.220000000001,0.050000000000000003,0.0000000000000000,
0.059999999999999998,0.0000000000000000,0.059999999999999998,54445.220000000001,0.059999999999999998,0.0000000000000000,
0.070000000000000007,0.0000000000000000,0.070000000000000007,54446.220000000001,0.070000000000000007,0.0000000000000000,
0.080000000000000002,0.0000000000000000,0.080000000000000002,54447.220000000001,0.080000000000000002,0.0000000000000000,
0.089999999999999997,0.0000000000000000,0.089999999999999997,54448.220000000001,0.089999999999999997,0.0000000000000000,
0.10000000000000001,0.0000000000000000,0.10000000000000001,54449.220000000001,0.10000000000000001,0.0000000000000000,
0.11000000000000000,0.0000000000000000,0.11000000000000000,54450.220000000001,0.11000000000000000,0.0000000000000000,
0.12000000000000000,0.0000000000000000,0.12000000000000000,54451.220000000001,0.12000000000000000,0.0000000000000000,
0.13000000000000000,0.0000000000000000,0.13000000000000000,54452.220000000001,0.13000000000000000,0.0000000000000000,
0.14000000000000001,0.0000000000000000,0.14000000000000001,54453.220000000001,0.14000000000000001,0.0000000000000000,
0.14999999999999999,0.0000000000000000,0.14999999999999999,54454.220000000001,0.14999999999999999,0.0000000000000000,
0.16000000000000000,0.0000000000000000,0.16000000000000000,54455.220000000001,0.16000000000000000,0.0000000000000000,
0.17000000000000001,0.0000000000000000,0.17000000000000001,54456.220000000001,0.17000000000000001,0.0000000000000000,
0.17999999999999999,0.0000000000000000,0.17999999999999999,54457.220000000001,0.17999999999999999,0.0000000000000000,
0.19000000000000000,0.0000000000000000,0.19000000000000000,54458.220000000001,0.19000000000000000,0.0000000000000000,
0.20000000000000001,0.0000000000000000,0.20000000000000001,54459.220000000001,0.20000000000000001,0.0000000000000000,
0.20999999999999999,0.0000000000000000,0.20999999999999999,54460.220000000001,0.20999999999999999,0.0000000000000000,
0.22000000000000000,0.0000000000000000,0.22000000000000000,54461.220000000001,0.22000000000000000,0.0000000000000000,
0.23000000000000001,0.0000000000000000,0.23000000000000001,54462.220000000001,0.23000000000000001,0.0000000000000000,
0.23999999999999999,0.0000000000000000,0.23999999999999999,54463.220000000001,0.23999999999999999,0.0000000000000000,
0.25000000000000000,0.0000000000000000,0.25000000000000000,54464.220000000001,0.25000000000000000,0.0000000000000000,
0.26000000000000001,0.0000000000000000,0.26000000000000001,54465.220000000001,0.26000000000000001,0.0000000000000000,
0.27000000000000002,0.0000000000000000,0.27000000000000002,54466.220000000001,0.27000000000000002,0.0000000000000000,
0.28000000000000003,0.0000000000000000,0.28000000000000003,54467.220000000001,0.28000000000000003,0.0000000000000000,
0.28999999999999998,0.0000000000000000,0.28999999999999998,54468.220000000001,0.28999999999999998,1.0000000000000000,
0.29999999999999999,0.0000000000000000,0.29999999999999999,54469.220000000001,0.29999999999999999,1.0000000000000000,
0.31000000000000000,0.0000000000000000,0.31000000000000000,54470.220000000001,0.31000000000000000,1.0000000000000000,
0.32000000000000001,0.0000000000000000,0.32000000000000001,54471.220000000001,0.32000000000000001,1.0000000000000000,
0.33000000000000002,0.0000000000000000,0.33000000000000002,54472.220000000001,0.33000000000000002,1.0000000000000000,
0.34000000000000002,0.0000000000000000,0.34000000000000002,54473.220000000001,0.34000000000000002,1.0000000000000000,
0.34999999999999998,0.0000000000000000,0.34999999999999998,54474.220000000001,0.34999999999999998,1.0000000000000000,
0.35999999999999999,0.0000000000000000,0.35999999999999999,54475.220000000001,0.35999999999999999,1.0000000000000000,
0.37000000000000000,0.0000000000000000,0.37000000000000000,54476.220000000001,0.37000000000000000,0.0000000000000000,
0.38000000000000000,0.0000000000000000,0.38000000000000000,54477.220000000001,0.38000000000000000,0.0000000000000000,
0.39000000000000001,0.0000000000000000,0.39000000000000001,54478.220000000001,0.39000000000000001,0.0000000000000000,
0.40000000000000002,0.0000000000000000,0.40000000000000002,54479.220000000001,0.40000000000000002,0.0000000000000000,
0.40999999999999998,0.0000000000000000,0.40999999999999998,54480.220000000001,0.40999999999999998,0.0000000000000000,
0.41999999999999998,0.0000000000000000,0.41999999999999998,54481.220000000001,0.41999999999999998,0.0000000000000000,
0.42999999999999999,0.0000000000000000,0.42999999999999999,54482.220000000001,0.42999999999999999,0.0000000000000000,
0.44000000000000000,0.0000000000000000,0.44000000000000000,54483.220000000001,0.44000000000000000,0.0000000000000000,
0.45000000000000001,0.0000000000000000,0.45000000000000001,54484.220000000001,0.45000000000000001,0.0000000000000000,
0.46000000000000002,0.0000000000000000,0.46000000000000002,54485.220000000001,0.46000000000000002,0.0000000000000000,
0.46999999999999997,0.0000000000000000,0.46999999999999997,54486.220000000001,0.46999999999999997,0.0000000000000000,
0.47999999999999998,0.0000000000000000,0.47999999999999998,54487.220000000001,0.47999999999999998,0.0000000000000000,
0.48999999999999999,0.0000000000000000,0.48999999999999999,54488.220000000001,0.48999999999999999,0.0000000000000000,
0.50000000000000000,0.0000000000000000,0.50000000000000000,54489.220000000001,0.50000000000000000,0.0000000000000000,
0.51000000000000001,0.0000000000000000,0.51000000000000001,54490.220000000001,0.51000000000000001,0.0000000000000000,
0.52000000000000002,0.0000000000000000,0.52000000000000002,54491.220000000001,0.52000000000000002,0.0000000000000000,
0.53000000000000003,0.0000000000000000,0.53000000000000003,54492.220000000001,0.53000000000000003,0.0000000000000000,
0.54000000000000004,0.0000000000000000,0.54000000000000004,54493.220000000001,0.54000000000000004,0.0000000000000000,
0.55000000000000004,0.0000000000000000,0.55000000000000004,54494.220000000001,0.55000000000000004,0.0000000000000000,
0.56000000000000005,0.0000000000000000,0.56000000000000005,54495.220000000001,0.56000000000000005,0.0000000000000000,
0.56999999999999995,0.0000000000000000,0.56999999999999995,54496.220000000001,0.56999999999999995,0.0000000000000000,
0.57999999999999996,0.0000000000000000,0.57999999999999996,54497.220000000001,0.57999999999999996,0.0000000000000000,
0.58999999999999997,0.0000000000000000,0.58999999999999997,54498.220000000001,0.58999999999999997,0.0000000000000000,
0.59999999999999998,0.0000000000000000,0.59999999999999998,54499.220000000001,0.59999999999999998,0.0000000000000000,
0.60999999999999999,0.0000000000000000,0.60999999999999999,54500.220000000001,0.60999999999999999,0.0000000000000000,
0.62000000000000000,0.0000000000000000,0.62000000000000000,54501.220000000001,0.62000000000000000,0.0000000000000000,
0.63000000000000000,0.0000000000000000,0.63000000000000000,54502.220000000001,0.63000000000000000,0.0000000000000000,
0.64000000000000001,0.0000000000000000,0.64000000000000001,54503.220000000001,0.64000000000000001,0.0000000000000000,
0.65000000000000002,0.0000000000000000,0.65000000000000002,54504.220000000001,0.65000000000000002,0.0000000000000000,
0.66000000000000003,0.0000000000000000,0.66000000000000003,54505.220000000001,0.66000000000000003,0.0000000000000000,
0.67000000000000004,0.0000000000000000,0.67000000000000004,54506.220000000001,0.67000000000000004,0.0000000000000000,
0.68000000000000005,0.0000000000000000,0.68000000000000005,54507.220000000001,0.68000000000000005,0.0000000000000000,
0.68999999999999995,0.0000000000000000,0.68999999999999995,54508.220000000001,0.68999999999999995,0.0000000000000000,
0.69999999999999996,0.0000000000000000,0.69999999999999996,54509.220000000001,0.69999999999999996,0.0000000000000000,
0.70999999999999996,0.0000000000000000,0.70999999999999996,54510.220000000001,0.70999999999999996,0.0000000000000000,
0.71999999999999997,0.0000000000000000,0.71999999999999997,54511.220000000001,0.71999999999999997,0.0000000000000000,
0.72999999999999998,0.0000000000000000,0.72999999999999998,54512.220000000001,0.72999999999999998,0.0000000000000000,
0.73999999999999999,0.0000000000000000,0.73999999999999999,54513.220000000001,0.73999999999999999,0.0000000000000000,
0.75000000000000000,0.0000000000000000,0.75000000000000000,54514.220000000001,0.75000000000000000,0.0000000000000000,
0.76000000000000001,0.0000000000000000,0.76000000000000001,54515.220000000001,0.76000000000000001,0.0000000000000000,
0.77000000000000002,0.0000000000000000,0.77000000000000002,54516.220000000001,0.77000000000000002,0.0000000000000000,
0.78000000000000003,0.0000000000000000,0.78000000000000003,54517.220000000001,0.78000000000000003,0.0000000000000000,
0.79000000000000004,0.0000000000000000,0.79000000000000004,54518.220000000001,0.79000000000000004,0.0000000000000000,
0.80000000000000004,0.0000000000000000,0.80000000000000004,54519.220000000001,0.80000000000000004,0.0000000000000000,
0.81000000000000005,0.0000000000000000,0.81000000000000005,54520.220000000001,0.81000000000000005,0.0000000000000000,
0.81999999999999995,0.0000000000000000,0.81999999999999995,54521.220000000001,0.81999999999999995,0.0000000000000000,
0.82999999999999996,0.0000000000000000,0.82999999999999996,54522.220000000001,0.82999999999999996,0.0000000000000000,
0.83999999999999997,0.0000000000000000,0.83999999999999997,54523.220000000001,0.83999999999999997,0.0000000000000000,
0.84999999999999998,0.0000000000000000,0.84999999999999998,54524.220000000001,0.84999999999999998,0.0000000000000000,
0.85999999999999999,0.0000000000000000,0.85999999999999999,54525.220000000001,0.85999999999999999,0.0000000000000000,
0.87000000000000000,0.0000000000000000,0.87000000000000000,54526.220000000001,0.87000000000000000,0.0000000000000000,
0.88000000000000000,0.0000000000000000,0.88000000000000000,54527.220000000001,0.88000000000000000,0.0000000000000000,
0.89000000000000001,0.0000000000000000,0.89000000000000001,54528.220000000001,0.89000000000000001,0.0000000000000000,
0.90000000000000002,0.0000000000000000,0.90000000000000002,54529.220000000001,0.90000000000000002,0.0000000000000000,
0.91000000000000003,0.0000000000000000,0.91000000000000003,54530.220000000001,0.91000000000000003,0.0000000000000000,
0.92000000000000004,0.0000000000000000,0.92000000000000004,54531.220000000001,0.92000000000000004,0.0000000000000000,
0.93000000000000005,0.0000000000000000,0.93000000000000005,54532.220000000001,0.93000000000000005,0.0000000000000000,
0.93999999999999995,0.0000000000000000,0.93999999999999995,54533.220000000001,0.93999999999999995,0.0000000000000000,
0.94999999999999996,0.0000000000000000,0.94999999999999996,54534.220000000001,0.94999999999999996,0.0000000000000000,
0.95999999999999996,0.0000000000000000,0.95999999999999996,54535.220000000001,0.95999999999999996,0.0000000000000000,
0.96999999999999997,0.0000000000000000,0.96999999999999997,54536.220000000001,0.96999999999999997,0.0000000000000000,
0.97999999999999998,0.0000000000000000,0.97999999999999998,54537.220000000001,0.97999999999999998,0.0000000000000000,
0.98999999999999999,0.0000000000000000,0.98999999999999999,54538.220000000001,0.98999999999999999,1.0000000000000000,
1.0000000000000000,0.0000000000000000,1.0000000000000000,54539.220000000001,1.0000000000000000,1.0000000000000000,
1.0100000000000000,0.0000000000000000,1.0100000000000000,54540.220000000001,1.0100000000000000,1.0000000000000000,
1.0200000000000000,0.0000000000000000,1.0200000000000000,54541.220000000001,1.0200000000000000,1.0000000000000000,
1.0300000000000000,0.0000000000000000,1.0300000000000000,54542.220000000001,1.0300000000000000,1.0000000000000000,
1.0400000000000000,0.0000000000000000,1.0400000000000000,54543.220000000001,1.0400000000000000,1.0000000000000000,
1.0500000000000000,0.0000000000000000,1.0500000000000000,54544.220000000001,1.0500000000000000,1.0000000000000000,
1.0600000000000001,0.0000000000000000,1.0600000000000001,54545.220000000001,1.0600000000000001,1.0000000000000000,
1.0700000000000001,0.0000000000000000,1.0700000000000001,54546.220000000001,1.0700000000000001,1.0000000000000000,
1.0800000000000001,0.0000000000000000,1.0800000000000001,54547.220000000001,1.0800000000000001,0.0000000000000000,
1.0900000000000001,0.0000000000000000,1.0900000000000001,54548.220000000001,1.0900000000000001,0.0000000000000000,
1.1000000000000001,0.0000000000000000,1.1000000000000001,54549.220000000001,1.1000000000000001,0.0000000000000000,
1.1100000000000001,0.0000000000000000,1.1100000000000001,54550.220000000001,1.1100000000000001,0.0000000000000000,
1.1200000000000001,0.0000000000000000,1.1200000000000001,54551.220000000001,1.1200000000000001,0.0000000000000000,
1.1299999999999999,0.0000000000000000,1.1299999999999999,54552.220000000001,1.1299999999999999,0.0000000000000000,
1.1399999999999999,0.0000000000000000,1.1399999999999999,54553.220000000001,1.1399999999999999,0.0000000000000000,
1.1499999999999999,0.0000000000000000,1.1499999999999999,54554.220000000001,1.1499999999999999,0.0000000000000000,
1.1599999999999999,0.0000000000000000,1.1599999999999999,54555.220000000001,1.1599999999999999,0.0000000000000000,
1.1699999999999999,0.0000000000000000,1.1699999999999999,54556.220000000001,1.1699999999999999,0.0000000000000000,
1.1799999999999999,0.0000000000000000,1.1799999999999999,54557.220000000001,1.1799999999999999,0.0000000000000000,
1.1899999999999999,0.0000000000000000,1.1899999999999999,54558.220000000001,1.1899999999999999,0.0000000000000000,
1.2000000000000000,0.0000000000000000,1.2000000000000000,54559.220000000001,1.2000000000000000,0.0000000000000000,
1.2100000000000000,0.0000000000000000,1.2100000000000000,54560.220000000001,1.2100000000000000,0.0000000000000000,
1.2200000000000000,0.0000000000000000,1.2200000000000000,54561.220000000001,1.2200000000000000,0.0000000000000000,
1.2300000000000000,0.0000000000000000,1.2300000000000000,54562.220000000001,1.2300000000000000,0.0000000000000000,
1.2400000000000000,0.0000000000000000,1.2400000000000000,54563.220000000001,1.2400000000000000,0.0000000000000000,
1.2500000000000000,0.0000000000000000,1.2500000000000000,54564.220000000001,1.2500000000000000,0.0000000000000000,
1.2600000000000000,0.0000000000000000,1.2600000000000000,54565.220000000001,1.2600000000000000,0.0000000000000000,
1.2700000000000000,0.0000000000000000,1.2700000000000000,54566.220000000001,1.2700000000000000,0.0000000000000000,
1.2800000000000000,0.0000000000000000,1.2800000000000000,54567.220000000001,1.2800000000000000,0.0000000000000000,
1.2900000000000000,0.0000000000000000,1.2900000000000000,54568.220000000001,1.2900000000000000,0.0000000000000000,
1.3000000000000000,0.0000000000000000,1.3000000000000000,54569.220000000001,1.3000000000000000,0.0000000000000000,
1.3100000000000001,0.0000000000000000,1.3100000000000001,54570.220000000001,1.3100000000000001,0.0000000000000000,
1.3200000000000001,0.0000000000000000,1.3200000000000001,54571.220000000001,1.3200000000000001,0.0000000000000000,
1.3300000000000001,0.0000000000000000,1.3300000000000001,54572.220000000001,1.3300000000000001,0.0000000000000000,
1.3400000000000001,359.99000000000001,1.3400000000000001,54573.220000000001,1.3400000000000001,0.0000000000000000,
1.3500000000000001,359.95999999999998,1.3500000000000001,54574.220000000001,1.3500000000000001,0.0000000000000000,
1.3600000000000001,359.90000000000003,1.3600000000000001,54575.220000000001,1.3600000000000001,0.0000000000000000,
1.3700000000000001,359.79000000000002,1.3700000000000001,54576.220000000001,1.3700000000000001,0.0000000000000000,
1.3799999999999999,359.63000000000000,1.3799999999999999,54577.220000000001,1.3799999999999999,0.0000000000000000,
1.3899999999999999,359.40000000000003,1.3899999999999999,54578.220000000001,1.3899999999999999,0.0000000000000000,
1.3999999999999999,359.10000000000002,1.3999999999999999,54579.220000000001,1.3999999999999999,0.0000000000000000,
1.4099999999999999,358.70999999999998,1.4099999999999999,54580.220000000001,1.4099999999999999,0.0000000000000000,
1.4199999999999999,358.22000000000003,1.4199999999999999,54581.220000000001,1.4199999999999999,0.0000000000000000,
1.4299999999999999,357.63000000000000,1.4299999999999999,54582.220000000001,1.4299999999999999,0.0000000000000000,
1.4399999999999999,356.91000000000003,1.4399999999999999,54583.220000000001,1.4399999999999999,0.0000000000000000,
1.4500000000000000,356.06999999999999,1.4500000000000000,54584.220000000001,1.4500000000000000,0.0000000000000000,
1.4600000000000000,355.07999999999998,1.4600000000000000,54585.220000000001,1.4600000000000000,0.0000000000000000,
1.4700000000000000,353.93000000000001,1.4700000000000000,54586.220000000001,1.4700000000000000,0.0000000000000000,
1.4800000000000000,352.62000000000000,1.4800000000000000,54587.220000000001,1.4800000000000000,0.0000000000000000,
1.4900000000000000,351.13999999999999,1.4900000000000000,54588.220000000001,1.4900000000000000,0.0000000000000000,
1.5000000000000000,349.47000000000003,1.5000000000000000,54589.220000000001,1.5000000000000000,0.0000000000000000,
1.5100000000000000,347.60000000000002,1.5100000000000000,54590.220000000001,1.5100000000000000,0.0000000000000000,
1.5200000000000000,345.51999999999998,1.5200000000000000,54591.220000000001,1.5200000000000000,0.0000000000000000,
1.5300000000000000,343.23000000000002,1.5300000000000000,54592.220000000001,1.5300000000000000,0.0000000000000000,
1.5400000000000000,340.72000000000003,1.5400000000000000,54593.220000000001,1.5400000000000000,0.0000000000000000,
1.5500000000000000,338.01999999999998,1.5500000000000000,54594.220000000001,1.5500000000000000,0.0000000000000000,
1.5600000000000001,335.13000000000000,1.5600000000000001,54595.220000000001,1.5600000000000001,0.0000000000000000,
1.5700000000000001,332.06000000000000,1.5700000000000001,54596.220000000001,1.5700000000000001,0.0000000000000000,
1.5800000000000001,328.82999999999998,1.5800000000000001,54597.220000000001,1.5800000000000001,0.0000000000000000,
1.5900000000000001,325.44000000000000,1.5900000000000001,54598.220000000001,1.5900000000000001,0.0000000000000000,
1.6000000000000001,321.91000000000003,1.6000000000000001,54599.220000000001,1.6000000000000001,0.0000000000000000,
1.6100000000000001,318.24000000000001,1.6100000000000001,54600.220000000001,1.6100000000000001,0.0000000000000000,
1.6200000000000001,314.45999999999998,1.6200000000000001,54601.220000000001,1.6200000000000001,0.0000000000000000,
1.6299999999999999,310.56999999999999,1.6299999999999999,54602.220000000001,1.6299999999999999,0.0000000000000000,
1.6399999999999999,306.56999999999999,1.6399999999999999,54603.220000000001,1.6399999999999999,0.0000000000000000,
1.6499999999999999,302.49000000000001,1.6499999999999999,54604.220000000001,1.6499999999999999,0.0000000000000000,
1.6599999999999999,298.32999999999998,1.6599999999999999,54605.220000000001,1.6599999999999999,0.0000000000000000,
1.6699999999999999,294.11000000000001,1.6699999999999999,54606.220000000001,1.6699999999999999,1.0000000000000000,
1.6799999999999999,289.82999999999998,1.6799999999999999,54607.220000000001,1.6799999999999999,1.0000000000000000,
1.6899999999999999,285.50999999999999,1.6899999999999999,54608.220000000001,1.6899999999999999,1.0000000000000000,
1.7000000000000000,281.16000000000003,1.7000000000000000,54609.220000000001,1.7000000000000000,1.0000000000000000,
1.7100000000000000,276.78000000000003,1.7100000000000000,54610.220000000001,1.7100000000000000,1.0000000000000000,
1.7200000000000000,272.39999999999998,1.7200000000000000,54611.220000000001,1.7200000000000000,1.0000000000000000,
1.7300000000000000,268.00999999999999,1.7300000000000000,54612.220000000001,1.7300000000000000,1.0000000000000000,
1.7400000000000000,263.63999999999999,1.7400000000000000,54613.220000000001,1.7400000000000000,1.0000000000000000,
1.7500000000000000,259.30000000000001,1.7500000000000000,54614.220000000001,1.7500000000000000,0.0000000000000000,
1.7600000000000000,255.01000000000002,1.7600000000000000,54615.220000000001,1.7600000000000000,0.0000000000000000,
1.7700000000000000,250.77000000000001,1.7700000000000000,54616.220000000001,1.7700000000000000,0.0000000000000000,
1.7800000000000000,246.61000000000001,1.7800000000000000,54617.220000000001,1.7800000000000000,0.0000000000000000,
1.7900000000000000,242.53000000000000,1.7900000000000000,54618.220000000001,1.7900000000000000,0.0000000000000000,
1.8000000000000000,238.56000000000000,1.8000000000000000,54619.220000000001,1.8000000000000000,0.0000000000000000,
1.8100000000000001,234.70000000000002,1.8100000000000001,54620.220000000001,1.8100000000000001,0.0000000000000000,
1.8200000000000001,230.97000000000000,1.8200000000000001,54621.220000000001,1.8200000000000001,0.0000000000000000,
1.8300000000000001,227.39000000000001,1.8300000000000001,54622.220000000001,1.8300000000000001,0.0000000000000000,
1.8400000000000001,223.97000000000000,1.8400000000000001,54623.220000000001,1.8400000000000001,0.0000000000000000,
1.8500000000000001,220.72000000000000,1.8500000000000001,54624.220000000001,1.8500000000000001,0.0000000000000000,
1.8600000000000001,217.65000000000001,1.8600000000000001,54625.220000000001,1.8600000000000001,0.0000000000000000,
1.8700000000000001,214.78999999999999,1.8700000000000001,54626.220000000001,1.8700000000000001,0.0000000000000000,
1.8799999999999999,212.14000000000001,1.8799999999999999,54627.220000000001,1.8799999999999999,0.0000000000000000,
1.8899999999999999,209.71000000000001,1.8899999999999999,54628.220000000001,1.8899999999999999,0.0000000000000000,
1.8999999999999999,207.47000000000000,1.8999999999999999,54629.220000000001,1.8999999999999999,0.0000000000000000,
1.9099999999999999,205.41000000000000,1.9099999999999999,54630.220000000001,1.9099999999999999,0.0000000000000000,
1.9199999999999999,203.52000000000001,1.9199999999999999,54631.220000000001,1.9199999999999999,0.0000000000000000,
1.9299999999999999,201.78000000000000,1.9299999999999999,54632.220000000001,1.9299999999999999,0.0000000000000000,
1.9399999999999999,200.18000000000001,1.9399999999999999,54633.220000000001,1.9399999999999999,0.0000000000000000,
1.9500000000000000,198.70000000000002,1.9500000000000000,54634.220000000001,1.9500000000000000,0.0000000000000000,
1.9600000000000000,197.34000000000000,1.9600000000000000,54635.220000000001,1.9600000000000000,0.0000000000000000,
1.9700000000000000,196.06000000000000,1.9700000000000000,54636.220000000001,1.9700000000000000,0.0000000000000000,
1.9800000000000000,194.87000000000000,1.9800000000000000,54637.220000000001,1.9800000000000000,0.0000000000000000,
1.9900000000000000,193.75000000000000,1.9900000000000000,54638.220000000001,1.9900000000000000,0.0000000000000000,
2.0000000000000000,192.68000000000001,2.0000000000000000,54639.220000000001,2.0000000000000000,0.0000000000000000,
2.0099999999999998,191.65000000000001,2.0099999999999998,54640.220000000001,2.0099999999999998,0.0000000000000000,
2.0200000000000000,190.64000000000001,2.0200000000000000,54641.220000000001,2.0200000000000000,0.0000000000000000,
2.0299999999999998,189.64000000000001,2.0299999999999998,54642.220000000001,2.0299999999999998,0.0000000000000000,
2.0400000000000000,188.64000000000001,2.0400000000000000,54643.220000000001,2.0400000000000000,0.0000000000000000,
2.0499999999999998,187.64000000000001,2.0499999999999998,54644.220000000001,2.0499999999999998,0.0000000000000000,
2.0600000000000001,186.64000000000001,2.0600000000000001,54645.220000000001,2.0600000000000001,0.0000000000000000,
2.0699999999999998,185.64000000000001,2.0699999999999998,54646.220000000001,2.0699999999999998,0.0000000000000000,
2.0800000000000001,184.64000000000001,2.0800000000000001,54647.220000000001,2.0800000000000001,0.0000000000000000,
2.0899999999999999,183.64000000000001,2.0899999999999999,54648.220000000001,2.0899999999999999,0.0000000000000000,
2.1000000000000001,182.64000000000001,2.1000000000000001,54649.220000000001,2.1000000000000001,0.0000000000000000,
2.1099999999999999,181.64000000000001,2.1099999999999999,54650.220000000001,2.1099999999999999,0.0000000000000000,
2.1200000000000001,180.64000000000001,2.1200000000000001,54651.220000000001,2.1200000000000001,0.0000000000000000,
2.1299999999999999,179.64000000000001,2.1299999999999999,54652.220000000001,2.1299999999999999,0.0000000000000000,
2.1400000000000001,178.64000000000001,2.1400000000000001,54653.220000000001,2.1400000000000001,0.0000000000000000,
2.1499999999999999,177.64000000000001,2.1499999999999999,54654.220000000001,2.1499999999999999,0.0000000000000000,
2.1600000000000001,176.64000000000001,2.1600000000000001,54655.220000000001,2.1600000000000001,0.0000000000000000,
2.1699999999999999,175.64000000000001,2.1699999999999999,54656.220000000001,2.1699999999999999,0.0000000000000000,
2.1800000000000002,174.64000000000001,2.1800000000000002,54657.220000000001,2.1800000000000002,0.0000000000000000,
2.1899999999999999,173.64000000000001,2.1899999999999999,54658.220000000001,2.1899999999999999,0.0000000000000000,
2.2000000000000002,172.64000000000001,2.2000000000000002,54659.220000000001,2.2000000000000002,0.0000000000000000,
2.2100000000000000,171.64000000000001,2.2100000000000000,54660.220000000001,2.2100000000000000,0.0000000000000000,
2.2200000000000002,170.64000000000001,2.2200000000000002,54661.220000000001,2.2200000000000002,0.0000000000000000,
2.2300000000000000,169.59999999999999,2.2300000000000000,54662.220000000001,2.2300000000000000,0.0000000000000000,
2.2400000000000002,168.20000000000002,2.2400000000000002,54663.220000000001,2.2400000000000002,0.0000000000000000,
2.2500000000000000,166.33000000000001,2.2500000000000000,54664.220000000001,2.2500000000000000,0.0000000000000000,
2.2599999999999998,164.00000000000000,2.2599999999999998,54665.220000000001,2.2599999999999998,0.0000000000000000,
2.2700000000000000,161.19000000000000,2.2700000000000000,54666.220000000001,2.2700000000000000,0.0000000000000000,
2.2799999999999998,157.92000000000002,2.2799999999999998,54667.220000000001,2.2799999999999998,0.0000000000000000,
2.2900000000000000,154.18000000000001,2.2900000000000000,54668.220000000001,2.2900000000000000,0.0000000000000000,
2.2999999999999998,149.97000000000000,2.2999999999999998,54669.220000000001,2.2999999999999998,0.0000000000000000,
2.3100000000000001,145.30000000000001,2.3100000000000001,54670.220000000001,2.3100000000000001,0.0000000000000000,
2.3199999999999998,140.15000000000001,2.3199999999999998,54671.220000000001,2.3199999999999998,0.0000000000000000,
2.3300000000000001,134.53999999999999,2.3300000000000001,54672.220000000001,2.3300000000000001,0.0000000000000000,
2.3399999999999999,128.46000000000001,2.3399999999999999,54673.220000000001,2.3399999999999999,0.0000000000000000,
2.3500000000000001,121.92000000000000,2.3500000000000001,54674.220000000001,2.3500000000000001,0.0000000000000000,
2.3599999999999999,114.91000000000000,2.3599999999999999,54675.220000000001,2.3599999999999999,0.0000000000000000,
2.3700000000000001,107.43000000000001,2.3700000000000001,54676.220000000001,2.3700000000000001,0.0000000000000000,
2.3799999999999999,99.480000000000004,2.3799999999999999,54677.220000000001,2.3799999999999999,0.0000000000000000,
2.3900000000000001,91.060000000000002,2.3900000000000001,54678.220000000001,2.3900000000000001,1.0000000000000000,
2.3999999999999999,82.180000000000007,2.3999999999999999,54679.220000000001,2.3999999999999999,1.0000000000000000,
2.4100000000000001,72.829999999999998,2.4100000000000001,54680.220000000001,2.4100000000000001,1.0000000000000000,
2.4199999999999999,63.009999999999998,2.4199999999999999,54681.220000000001,2.4199999999999999,1.0000000000000000,
2.4300000000000002,52.719999999999999,2.4300000000000002,54682.220000000001,2.4300000000000002,1.0000000000000000,
2.4399999999999999,41.969999999999999,2.4399999999999999,54683.220000000001,2.4399999999999999,1.0000000000000000,
2.4500000000000002,30.750000000000000,2.4500000000000002,54684.220000000001,2.4500000000000002,1.0000000000000000,
2.4600000000000000,19.129999999999999,2.4600000000000000,54685.220000000001,2.4600000000000000,1.0000000000000000,
2.4700000000000002,7.4600000000000000,2.4700000000000002,54686.220000000001,2.4700000000000002,0.0000000000000000,
2.4800000000000000,355.80000000000001,2.4800000000000000,54687.220000000001,2.4800000000000000,0.0000000000000000,
2.4900000000000002,344.13000000000000,2.4900000000000002,54688.220000000001,2.4900000000000002,0.0000000000000000,
2.5000000000000000,332.47000000000003,2.5000000000000000,54689.220000000001,2.5000000000000000,0.0000000000000000,
2.5099999999999998,321.12000000000000,2.5099999999999998,54690.220000000001,2.5099999999999998,0.0000000000000000,
2.5200000000000000,310.23000000000002,2.5200000000000000,54691.220000000001,2.5200000000000000,0.0000000000000000,
2.5299999999999998,299.81000000000000,2.5299999999999998,54692.220000000001,2.5299999999999998,0.0000000000000000,
2.5400000000000000,289.87000000000000,2.5400000000000000,54693.220000000001,2.5400000000000000,0.0000000000000000,
2.5499999999999998,280.38000000000000,2.5499999999999998,54694.220000000001,2.5499999999999998,0.0000000000000000,
2.5600000000000001,271.37000000000000,2.5600000000000001,54695.220000000001,2.5600000000000001,0.0000000000000000,
2.5699999999999998,262.81999999999999,2.5699999999999998,54696.220000000001,2.5699999999999998,0.0000000000000000,
2.5800000000000001,254.74000000000001,2.5800000000000001,54697.220000000001,2.5800000000000001,0.0000000000000000,
2.5899999999999999,247.13000000000000,2.5899999999999999,54698.220000000001,2.5899999999999999,0.0000000000000000,
2.6000000000000001,239.99000000000001,2.6000000000000001,54699.220000000001,2.6000000000000001,0.0000000000000000,
2.6099999999999999,233.31000000000000,2.6099999999999999,54700.220000000001,2.6099999999999999,0.0000000000000000,
2.6200000000000001,227.09999999999999,2.6200000000000001,54701.220000000001,2.6200000000000001,0.0000000000000000,
2.6299999999999999,221.36000000000001,2.6299999999999999,54702.220000000001,2.6299999999999999,0.0000000000000000,
2.6400000000000001,216.09000000000000,2.6400000000000001,54703.220000000001,2.6400000000000001,0.0000000000000000,
2.6499999999999999,211.28000000000000,2.6499999999999999,54704.220000000001,2.6499999999999999,0.0000000000000000,
2.6600000000000001,206.94000000000000,2.6600000000000001,54705.220000000001,2.6600000000000001,0.0000000000000000,
2.6699999999999999,203.06999999999999,2.6699999999999999,54706.220000000001,2.6699999999999999,0.0000000000000000,
2.6800000000000002,199.67000000000002,2.6800000000000002,54707.220000000001,2.6800000000000002,0.0000000000000000,
2.6899999999999999,196.73000000000002,2.6899999999999999,54708.220000000001,2.6899999999999999,0.0000000000000000,
2.7000000000000002,194.25999999999999,2.7000000000000002,54709.220000000001,2.7000000000000002,0.0000000000000000,
2.7100000000000000,192.25999999999999,2.7100000000000000,54710.220000000001,2.7100000000000000,0.0000000000000000,
2.7200000000000002,190.72999999999999,2.7200000000000002,54711.220000000001,2.7200000000000002,0.0000000000000000,
2.7300000000000000,189.64000000000001,2.7300000000000000,54712.220000000001,2.7300000000000000,0.0000000000000000,
2.7400000000000002,188.64000000000001,2.7400000000000002,54713.220000000001,2.7400000000000002,0.0000000000000000,
2.7500000000000000,187.64000000000001,2.7500000000000000,54714.220000000001,2.7500000000000000,0.0000000000000000,
2.7599999999999998,186.64000000000001,2.7599999999999998,54715.220000000001,2.7599999999999998,0.0000000000000000,
2.7700000000000000,185.64000000000001,2.7700000000000000,54716.220000000001,2.7700000000000000,0.0000000000000000,
2.7799999999999998,184.64000000000001,2.7799999999999998,54717.220000000001,2.7799999999999998,0.0000000000000000,
2.7900000000000000,183.64000000000001,2.7900000000000000,54718.220000000001,2.7900000000000000,0.0000000000000000,
2.7999999999999998,182.64000000000001,2.7999999999999998,54719.220000000001,2.7999999999999998,0.0000000000000000,
2.8100000000000001,181.64000000000001,2.8100000000000001,54720.220000000001,2.8100000000000001,0.0000000000000000,
2.8199999999999998,180.64000000000001,2.8199999999999998,54721.220000000001,2.8199999999999998,0.0000000000000000,
2.8300000000000001,179.64000000000001,2.8300000000000001,54722.220000000001,2.8300000000000001,0.0000000000000000,
2.8399999999999999,178.64000000000001,2.8399999999999999,54723.220000000001,2.8399999999999999,0.0000000000000000,
2.8500000000000001,177.64000000000001,2.8500000000000001,54724.220000000001,2.8500000000000001,0.0000000000000000,
2.8599999999999999,176.64000000000001,2.8599999999999999,54725.220000000001,2.8599999999999999,0.0000000000000000,
2.8700000000000001,175.64000000000001,2.8700000000000001,54726.220000000001,2.8700000000000001,0.0000000000000000,
2.8799999999999999,174.64000000000001,2.8799999999999999,54727.220000000001,2.8799999999999999,0.0000000000000000,
2.8900000000000001,173.64000000000001,2.8900000000000001,54728.220000000001,2.8900000000000001,0.0000000000000000,
2.8999999999999999,172.64000000000001,2.8999999999999999,54729.220000000001,2.8999999999999999,0.0000000000000000,
2.9100000000000001,171.64000000000001,2.9100000000000001,54730.220000000001,2.9100000000000001,0.0000000000000000,
2.9199999999999999,170.64000000000001,2.9199999999999999,54731.220000000001,2.9199999999999999,0.0000000000000000,
2.9300000000000002,169.59999999999999,2.9300000000000002,54732.220000000001,2.9300000000000002,0.0000000000000000,
2.9399999999999999,168.20000000000002,2.9399999999999999,54733.220000000001,2.9399999999999999,0.0000000000000000,
2.9500000000000002,166.33000000000001,2.9500000000000002,54734.220000000001,2.9500000000000002,0.0000000000000000,
2.9600000000000000,164.00000000000000,2.9600000000000000,54735.220000000001,2.9600000000000000,0.0000000000000000,
2.9700000000000002,161.19000000000000,2.9700000000000002,54736.220000000001,2.9700000000000002,0.0000000000000000,
2.9800000000000000,157.92000000000002,2.9800000000000000,54737.220000000001,2.9800000000000000,0.0000000000000000,
2.9900000000000002,154.18000000000001,2.9900000000000002,54738.220000000001,2.9900000000000002,0.0000000000000000,
3.0000000000000000,149.97000000000000,3.0000000000000000,54739.220000000001,3.0000000000000000,0.0000000000000000,
3.0099999999999998,145.30000000000001,3.0099999999999998,54740.220000000001,3.0099999999999998,0.0000000000000000,
3.0200000000000000,140.15000000000001,3.0200000000000000,54741.220000000001,3.0200000000000000,0.0000000000000000,
3.0299999999999998,134.53999999999999,3.0299999999999998,54742.220000000001,3.0299999999999998,0.0000000000000000,
3.0400000000000000,128.46000000000001,3.0400000000000000,54743.220000000001,3.0400000000000000,0.0000000000000000,
3.0499999999999998,121.92000000000000,3.0499999999999998,54744.220000000001,3.0499999999999998,0.0000000000000000,
3.0600000000000001,114.91000000000000,3.0600000000000001,54745.220000000001,3.0600000000000001,0.0000000000000000,
3.0699999999999998,107.43000000000001,3.0699999999999998,54746.220000000001,3.0699999999999998,1.0000000000000000,
3.0800000000000001,99.480000000000004,3.0800000000000001,54747.220000000001,3.0800000000000001,1.0000000000000000,
3.0899999999999999,91.060000000000002,3.0899999999999999,54748.220000000001,3.0899999999999999,1.0000000000000000,
3.1000000000000001,82.180000000000007,3.1000000000000001,54749.220000000001,3.1000000000000001,1.0000000000000000,
3.1099999999999999,72.829999999999998,3.1099999999999999,54750.220000000001,3.1099999999999999,1.0000000000000000,
3.1200000000000001,63.009999999999998,3.1200000000000001,54751.220000000001,3.1200000000000001,1.0000000000000000,
3.1299999999999999,52.719999999999999,3.1299999999999999,54752.220000000001,3.1299999999999999,1.0000000000000000,
3.1400000000000001,41.969999999999999,3.1400000000000001,54753.220000000001,3.1400000000000001,1.0000000000000000,
3.1499999999999999,30.750000000000000,3.1499999999999999,54754.220000000001,3.1499999999999999,0.0000000000000000,
3.1600000000000001,19.129999999999999,3.1600000000000001,54755.220000000001,3.1600000000000001,0.0000000000000000,
3.1699999999999999,7.4600000000000000,3.1699999999999999,54756.220000000001,3.1699999999999999,0.0000000000000000,
3.1800000000000002,355.80000000000001,3.1800000000000002,54757.220000000001,3.1800000000000002,0.0000000000000000,
3.1899999999999999,344.13000000000000,3.1899999999999999,54758.220000000001,3.1899999999999999,0.0000000000000000,
3.2000000000000002,332.47000000000003,3.2000000000000002,54759.220000000001,3.2000000000000002,0.0000000000000000,
3.2100000000000000,321.12000000000000,3.2100000000000000,54760.220000000001,3.2100000000000000,0.0000000000000000,
3.2200000000000002,310.23000000000002,3.2200000000000002,54761.220000000001,3.2200000000000002,0.0000000000000000,
3.2300000000000000,299.81999999999999,3.2300000000000000,54762.220000000001,3.2300000000000000,0.0000000000000000,
3.2400000000000002,289.87000000000000,3.2400000000000002,54763.220000000001,3.2400000000000002,0.0000000000000000,
3.2500000000000000,280.38000000000000,3.2500000000000000,54764.220000000001,3.2500000000000000,0.0000000000000000,
3.2599999999999998,271.37000000000000,3.2599999999999998,54765.220000000001,3.2599999999999998,0.0000000000000000,
3.2700000000000000,262.81999999999999,3.2700000000000000,54766.220000000001,3.2700000000000000,0.0000000000000000,
3.2799999999999998,254.74000000000001,3.2799999999999998,54767.220000000001,3.2799999999999998,0.0000000000000000,
3.2900000000000000,247.13000000000000,3.2900000000000000,54768.220000000001,3.2900000000000000,0.0000000000000000,
3.2999999999999998,239.99000000000001,3.2999999999999998,54769.220000000001,3.2999999999999998,0.0000000000000000,
3.3100000000000001,233.31000000000000,3.3100000000000001,54770.220000000001,3.3100000000000001,0.0000000000000000,
3.3199999999999998,227.09999999999999,3.3199999999999998,54771.220000000001,3.3199999999999998,0.0000000000000000,
3.3300000000000001,221.36000000000001,3.3300000000000001,54772.220000000001,3.3300000000000001,0.0000000000000000,
3.3399999999999999,216.09000000000000,3.3399999999999999,54773.220000000001,3.3399999999999999,0.0000000000000000,
3.3500000000000001,211.28000000000000,3.3500000000000001,54774.220000000001,3.3500000000000001,0.0000000000000000,
3.3599999999999999,206.94000000000000,3.3599999999999999,54775.220000000001,3.3599999999999999,0.0000000000000000,
3.3700000000000001,203.06999999999999,3.3700000000000001,54776.220000000001,3.3700000000000001,0.0000000000000000,
3.3799999999999999,199.67000000000002,3.3799999999999999,54777.220000000001,3.3799999999999999,0.0000000000000000,
3.3900000000000001,196.73000000000002,3.3900000000000001,54778.220000000001,3.3900000000000001,0.0000000000000000,
3.3999999999999999,194.25999999999999,3.3999999999999999,54779.220000000001,3.3999999999999999,0.0000000000000000,
3.4100000000000001,192.25999999999999,3.4100000000000001,54780.220000000001,3.4100000000000001,0.0000000000000000,
3.4199999999999999,190.72999999999999,3.4199999999999999,54781.220000000001,3.4199999999999999,0.0000000000000000,
3.4300000000000002,189.64000000000001,3.4300000000000002,54782.220000000001,3.4300000000000002,0.0000000000000000,
3.4399999999999999,188.64000000000001,3.4399999999999999,54783.220000000001,3.4399999999999999,1.0000000000000000,
3.4500000000000002,187.64000000000001,3.4500000000000002,54784.220000000001,3.4500000000000002,1.0000000000000000,
3.4600000000000000,186.64000000000001,3.4600000000000000,54785.220000000001,3.4600000000000000,1.0000000000000000,
3.4700000000000002,185.64000000000001,3.4700000000000002,54786.220000000001,3.4700000000000002,1.0000000000000000,
3.4800000000000000,184.64000000000001,3.4800000000000000,54787.220000000001,3.4800000000000000,1.0000000000000000,
3.4900000000000002,183.64000000000001,3.4900000000000002,54788.220000000001,3.4900000000000002,1.0000000000000000,
3.5000000000000000,182.64000000000001,3.5000000000000000,54789.220000000001,3.5000000000000000,1.0000000000000000,
3.5099999999999998,181.64000000000001,3.5099999999999998,54790.220000000001,3.5099999999999998,1.0000000000000000,
3.5200000000000000,180.64000000000001,3.5200000000000000,54791.220000000001,3.5200000000000000,1.0000000000000000,
3.5299999999999998,179.64000000000001,3.5299999999999998,54792.220000000001,3.5299999999999998,0.0000000000000000,
3.5400000000000000,178.64000000000001,3.5400000000000000,54793.220000000001,3.5400000000000000,0.0000000000000000,
3.5499999999999998,177.64000000000001,3.5499999999999998,54794.220000000001,3.5499999999999998,0.0000000000000000,
3.5600000000000001,176.64000000000001,3.5600000000000001,54795.220000000001,3.5600000000000001,0.0000000000000000,
3.5699999999999998,175.64000000000001,3.5699999999999998,54796.220000000001,3.5699999999999998,0.0000000000000000,
3.5800000000000001,174.64000000000001,3.5800000000000001,54797.220000000001,3.5800000000000001,0.0000000000000000,
3.5899999999999999,173.64000000000001,3.5899999999999999,54798.220000000001,3.5899999999999999,0.0000000000000000,
3.6000000000000001,172.64000000000001,3.6000000000000001,54799.220000000001,3.6000000000000001,0.0000000000000000,
3.6099999999999999,171.64000000000001,3.6099999999999999,54800.220000000001,3.6099999999999999,0.0000000000000000,
3.6200000000000001,170.64000000000001,3.6200000000000001,54801.220000000001,3.6200000000000001,0.0000000000000000,
3.6299999999999999,169.59999999999999,3.6299999999999999,54802.220000000001,3.6299999999999999,0.0000000000000000,
3.6400000000000001,168.20000000000002,3.6400000000000001,54803.220000000001,3.6400000000000001,0.0000000000000000,
3.6499999999999999,166.33000000000001,3.6499999999999999,54804.220000000001,3.6499999999999999,0.0000000000000000,
3.6600000000000001,164.00000000000000,3.6600000000000001,54805.220000000001,3.6600000000000001,0.0000000000000000,
3.6699999999999999,161.19000000000000,3.6699999999999999,54806.220000000001,3.6699999999999999,0.0000000000000000,
3.6800000000000002,157.92000000000002,3.6800000000000002,54807.220000000001,3.6800000000000002,0.0000000000000000,
3.6899999999999999,154.18000000000001,3.6899999999999999,54808.220000000001,3.6899999999999999,0.0000000000000000,
3.7000000000000002,149.97000000000000,3.7000000000000002,54809.220000000001,3.7000000000000002,0.0000000000000000,
3.7100000000000000,145.30000000000001,3.7100000000000000,54810.220000000001,3.7100000000000000,0.0000000000000000,
3.7200000000000002,140.15000000000001,3.7200000000000002,54811.220000000001,3.7200000000000002,0.0000000000000000,
3.7300000000000000,134.53999999999999,3.7300000000000000,54812.220000000001,3.7300000000000000,0.0000000000000000,
3.7400000000000002,128.46000000000001,3.7400000000000002,54813.220000000001,3.7400000000000002,0.0000000000000000,
3.7500000000000000,121.92000000000000,3.7500000000000000,54814.220000000001,3.7500000000000000,0.0000000000000000,
3.7599999999999998,114.91000000000000,3.7599999999999998,54815.220000000001,3.7599999999999998,1.0000000000000000,
3.7700000000000000,107.43000000000001,3.7700000000000000,54816.220000000001,3.7700000000000000,1.0000000000000000,
3.7799999999999998,99.480000000000004,3.7799999999999998,54817.220000000001,3.7799999999999998,1.0000000000000000,
3.7900000000000000,91.060000000000002,3.7900000000000000,54818.220000000001,3.7900000000000000,1.0000000000000000,
3.7999999999999998,82.180000000000007,3.7999999999999998,54819.220000000001,3.7999999999999998,1.0000000000000000,
3.8100000000000001,72.829999999999998,3.8100000000000001,54820.220000000001,3.8100000000000001,1.0000000000000000,
3.8199999999999998,63.009999999999998,3.8199999999999998,54821.220000000001,3.8199999999999998,1.0000000000000000,
3.8300000000000001,52.719999999999999,3.8300000000000001,54822.220000000001,3.8300000000000001,1.0000000000000000,
3.8399999999999999,41.969999999999999,3.8399999999999999,54823.220000000001,3.8399999999999999,1.0000000000000000,
3.8500000000000001,30.750000000000000,3.8500000000000001,54824.220000000001,3.8500000000000001,0.0000000000000000,
3.8599999999999999,19.129999999999999,3.8599999999999999,54825.220000000001,3.8599999999999999,0.0000000000000000,
3.8700000000000001,7.4600000000000000,3.8700000000000001,54826.220000000001,3.8700000000000001,0.0000000000000000,
3.8799999999999999,355.80000000000001,3.8799999999999999,54827.220000000001,3.8799999999999999,0.0000000000000000,
3.8900000000000001,344.13000000000000,3.8900000000000001,54828.220000000001,3.8900000000000001,0.0000000000000000,
3.8999999999999999,332.47000000000003,3.8999999999999999,54829.220000000001,3.8999999999999999,0.0000000000000000,
3.9100000000000001,321.12000000000000,3.9100000000000001,54830.220000000001,3.9100000000000001,0.0000000000000000,
3.9199999999999999,310.23000000000002,3.9199999999999999,54831.220000000001,3.9199999999999999,0.0000000000000000,
3.9300000000000002,299.81999999999999,3.9300000000000002,54832.220000000001,3.9300000000000002,0.0000000000000000,
3.9399999999999999,289.87000000000000,3.9399999999999999,54833.220000000001,3.9399999999999999,0.0000000000000000,
3.9500000000000002,280.38000000000000,3.9500000000000002,54834.220000000001,3.9500000000000002,0.0000000000000000,
3.9600000000000000,271.37000000000000,3.9600000000000000,54835.220000000001,3.9600000000000000,0.0000000000000000,
3.9700000000000002,262.81999999999999,3.9700000000000002,54836.220000000001,3.9700000000000002,0.0000000000000000,
3.9800000000000000,254.74000000000001,3.9800000000000000,54837.220000000001,3.9800000000000000,0.0000000000000000,
3.9900000000000002,247.13000000000000,3.9900000000000002,54838.220000000001,3.9900000000000002,0.0000000000000000,
4.0000000000000000,239.99000000000001,4.0000000000000000,54839.220000000001,4.0000000000000000,0.0000000000000000,
4.0099999999999998,233.31000000000000,4.0099999999999998,54840.220000000001,4.0099999999999998,0.0000000000000000,
4.0199999999999996,227.09999999999999,4.0199999999999996,54841.220000000001,4.0199999999999996,0.0000000000000000,
4.0300000000000002,221.36000000000001,4.0300000000000002,54842.220000000001,4.0300000000000002,0.0000000000000000,
4.0400000000000000,216.09000000000000,4.0400000000000000,54843.220000000001,4.0400000000000000,0.0000000000000000,
4.0499999999999998,211.28000000000000,4.0499999999999998,54844.220000000001,4.0499999999999998,0.0000000000000000,
4.0599999999999996,206.94000000000000,4.0599999999999996,54845.220000000001,4.0599999999999996,0.0000000000000000,
4.0700000000000003,203.06999999999999,4.0700000000000003,54846.220000000001,4.0700000000000003,0.0000000000000000,
4.0800000000000001,199.67000000000002,4.0800000000000001,54847.220000000001,4.0800000000000001,0.0000000000000000,
4.0899999999999999,196.73000000000002,4.0899999999999999,54848.220000000001,4.0899999999999999,0.0000000000000000,
4.0999999999999996,194.25999999999999,4.0999999999999996,54849.220000000001,4.0999999999999996,0.0000000000000000,
4.1100000000000003,192.25999999999999,4.1100000000000003,54850.220000000001,4.1100000000000003,0.0000000000000000,
4.1200000000000001,190.72999999999999,4.1200000000000001,54851.220000000001,4.1200000000000001,0.0000000000000000,
4.1299999999999999,189.64000000000001,4.1299999999999999,54852.220000000001,4.1299999999999999,0.0000000000000000,
4.1399999999999997,188.64000000000001,4.1399999999999997,54853.220000000001,4.1399999999999997,0.0000000000000000,
4.1500000000000004,187.64000000000001,4.1500000000000004,54854.220000000001,4.1500000000000004,0.0000000000000000,
4.1600000000000001,186.64000000000001,4.1600000000000001,54855.220000000001,4.1600000000000001,0.0000000000000000,
4.1699999999999999,185.64000000000001,4.1699999999999999,54856.220000000001,4.1699999999999999,0.0000000000000000,
4.1799999999999997,184.64000000000001,4.1799999999999997,54857.220000000001,4.1799999999999997,0.0000000000000000,
4.1900000000000004,183.64000000000001,4.1900000000000004,54858.220000000001,4.1900000000000004,0.0000000000000000,
4.2000000000000002,182.64000000000001,4.2000000000000002,54859.220000000001,4.2000000000000002,0.0000000000000000,
4.2100000000000000,181.64000000000001,4.2100000000000000,54860.220000000001,4.2100000000000000,0.0000000000000000,
4.2199999999999998,180.64000000000001,4.2199999999999998,54861.220000000001,4.2199999999999998,0.0000000000000000,
4.2300000000000004,179.64000000000001,4.2300000000000004,54862.220000000001,4.2300000000000004,0.0000000000000000,
4.2400000000000002,178.64000000000001,4.2400000000000002,54863.220000000001,4.2400000000000002,0.0000000000000000,
4.2500000000000000,177.64000000000001,4.2500000000000000,54864.220000000001,4.2500000000000000,0.0000000000000000,
4.2599999999999998,176.64000000000001,4.2599999999999998,54865.220000000001,4.2599999999999998,0.0000000000000000,
4.2699999999999996,175.64000000000001,4.2699999999999996,54866.220000000001,4.2699999999999996,0.0000000000000000,
4.2800000000000002,174.64000000000001,4.2800000000000002,54867.220000000001,4.2800000000000002,0.0000000000000000,
4.2900000000000000,173.64000000000001,4.2900000000000000,54868.220000000001,4.2900000000000000,0.0000000000000000,
4.2999999999999998,172.64000000000001,4.2999999999999998,54869.220000000001,4.2999999999999998,0.0000000000000000,
4.3099999999999996,171.64000000000001,4.3099999999999996,54870.220000000001,4.3099999999999996,0.0000000000000000,
4.3200000000000003,170.64000000000001,4.3200000000000003,54871.220000000001,4.3200000000000003,0.0000000000000000,
4.3300000000000001,169.59999999999999,4.3300000000000001,54872.220000000001,4.3300000000000001,0.0000000000000000,
4.3399999999999999,168.20000000000002,4.3399999999999999,54873.220000000001,4.3399999999999999,0.0000000000000000,
4.3499999999999996,166.33000000000001,4.3499999999999996,54874.220000000001,4.3499999999999996,0.0000000000000000,
4.3600000000000003,164.00000000000000,4.3600000000000003,54875.220000000001,4.3600000000000003,0.0000000000000000,
4.3700000000000001,161.19000000000000,4.3700000000000001,54876.220000000001,4.3700000000000001,0.0000000000000000,
4.3799999999999999,157.92000000000002,4.3799999999999999,54877.220000000001,4.3799999999999999,0.0000000000000000,
4.3899999999999997,154.18000000000001,4.3899999999999997,54878.220000000001,4.3899999999999997,0.0000000000000000,
4.4000000000000004,149.97000000000000,4.4000000000000004,54879.220000000001,4.4000000000000004,0.0000000000000000,
4.4100000000000001,145.30000000000001,4.4100000000000001,54880.220000000001,4.4100000000000001,0.0000000000000000,
4.4199999999999999,140.15000000000001,4.4199999999999999,54881.220000000001,4.4199999999999999,0.0000000000000000,
4.4299999999999997,134.53999999999999,4.4299999999999997,54882.220000000001,4.4299999999999997,0.0000000000000000,
4.4400000000000004,128.46000000000001,4.4400000000000004,54883.220000000001,4.4400000000000004,0.0000000000000000,
4.4500000000000002,121.92000000000000,4.4500000000000002,54884.220000000001,4.4500000000000002,0.0000000000000000,
4.4600000000000000,114.91000000000000,4.4600000000000000,54885.220000000001,4.4600000000000000,1.0000000000000000,
4.4699999999999998,107.43000000000001,4.4699999999999998,54886.220000000001,4.4699999999999998,1.0000000000000000,
4.4800000000000004,99.480000000000004,4.4800000000000004,54887.220000000001,4.4800000000000004,1.0000000000000000,
4.4900000000000002,91.060000000000002,4.4900000000000002,54888.220000000001,4.4900000000000002,1.0000000000000000,
4.5000000000000000,82.180000000000007,4.5000000000000000,54889.220000000001,4.5000000000000000,1.0000000000000000,
4.5099999999999998,72.829999999999998,4.5099999999999998,54890.220000000001,4.5099999999999998,1.0000000000000000,
4.5199999999999996,63.009999999999998,4.5199999999999996,54891.220000000001,4.5199999999999996,1.0000000000000000,
4.5300000000000002,52.719999999999999,4.5300000000000002,54892.220000000001,4.5300000000000002,1.0000000000000000,
4.5400000000000000,41.969999999999999,4.5400000000000000,54893.220000000001,4.5400000000000000,1.0000000000000000,
4.5499999999999998,30.750000000000000,4.5499999999999998,54894.220000000001,4.5499999999999998,0.0000000000000000,
4.5599999999999996,19.129999999999999,4.5599999999999996,54895.220000000001,4.5599999999999996,0.0000000000000000,
4.5700000000000003,7.4600000000000000,4.5700000000000003,54896.220000000001,4.5700000000000003,0.0000000000000000,
4.5800000000000001,355.80000000000001,4.5800000000000001,54897.220000000001,4.5800000000000001,0.0000000000000000,
4.5899999999999999,344.13000000000000,4.5899999999999999,54898.220000000001,4.5899999999999999,0.0000000000000000,
4.5999999999999996,332.47000000000003,4.5999999999999996,54899.220000000001,4.5999999999999996,0.0000000000000000,
4.6100000000000003,321.12000000000000,4.6100000000000003,54900.220000000001,4.6100000000000003,0.0000000000000000,
4.6200000000000001,310.23000000000002,4.6200000000000001,54901.220000000001,4.6200000000000001,0.0000000000000000,
4.6299999999999999,299.81999999999999,4.6299999999999999,54902.220000000001,4.6299999999999999,0.0000000000000000,
4.6399999999999997,289.87000000000000,4.6399999999999997,54903.220000000001,4.6399999999999997,0.0000000000000000,
4.6500000000000004,280.38000000000000,4.6500000000000004,54904.220000000001,4.6500000000000004,0.0000000000000000,
4.6600000000000001,271.37000000000000,4.6600000000000001,54905.220000000001,4.6600000000000001,0.0000000000000000,
4.6699999999999999,262.81999999999999,4.6699999999999999,54906.220000000001,4.6699999999999999,0.0000000000000000,
4.6799999999999997,254.74000000000001,4.6799999999999997,54907.220000000001,4.6799999999999997,0.0000000000000000,
4.6900000000000004,247.13000000000000,4.6900000000000004,54908.220000000001,4.6900000000000004,0.0000000000000000,
4.7000000000000002,239.99000000000001,4.7000000000000002,54909.220000000001,4.7000000000000002,0.0000000000000000,
4.7100000000000000,233.31000000000000,4.7100000000000000,54910.220000000001,4.7100000000000000,0.0000000000000000,
4.7199999999999998,227.09999999999999,4.7199999999999998,54911.220000000001,4.7199999999999998,0.0000000000000000,
4.7300000000000004,221.36000000000001,4.7300000000000004,54912.220000000001,4.7300000000000004,0.0000000000000000,
4.7400000000000002,216.09000000000000,4.7400000000000002,54913.220000000001,4.7400000000000002,0.0000000000000000,
4.7500000000000000,211.28000000000000,4.7500000000000000,54914.220000000001,4.7500000000000000,0.0000000000000000,
4.7599999999999998,206.94000000000000,4.7599999999999998,54915.220000000001,4.7599999999999998,0.0000000000000000,
4.7699999999999996,203.06999999999999,4.7699999999999996,54916.220000000001,4.7699999999999996,0.0000000000000000,
4.7800000000000002,199.67000000000002,4.7800000000000002,54917.220000000001,4.7800000000000002,0.0000000000000000,
4.7900000000000000,196.73000000000002,4.7900000000000000,54918.220000000001,4.7900000000000000,0.0000000000000000,
4.7999999999999998,194.25999999999999,4.7999999999999998,54919.220000000001,4.7999999999999998,0.0000000000000000,
4.8099999999999996,192.25999999999999,4.8099999999999996,54920.220000000001,4.8099999999999996,0.0000000000000000,
4.8200000000000003,190.72999999999999,4.8200000000000003,54921.220000000001,4.8200000000000003,0.0000000000000000,
4.8300000000000001,189.64000000000001,4.8300000000000001,54922.220000000001,4.8300000000000001,0.0000000000000000,
4.8399999999999999,188.64000000000001,4.8399999999999999,54923.220000000001,4.8399999999999999,0.0000000000000000,
4.8499999999999996,187.64000000000001,4.8499999999999996,54924.220000000001,4.8499999999999996,0.0000000000000000,
4.8600000000000003,186.64000000000001,4.8600000000000003,54925.220000000001,4.8600000000000003,0.0000000000000000,
4.8700000000000001,185.64000000000001,4.8700000000000001,54926.220000000001,4.8700000000000001,0.0000000000000000,
4.8799999999999999,184.64000000000001,4.8799999999999999,54927.220000000001,4.8799999999999999,0.0000000000000000,
4.8899999999999997,183.64000000000001,4.8899999999999997,54928.220000000001,4.8899999999999997,0.0000000000000000,
4.9000000000000004,182.64000000000001,4.9000000000000004,54929.220000000001,4.9000000000000004,0.0000000000000000,
4.9100000000000001,181.64000000000001,4.9100000000000001,54930.220000000001,4.9100000000000001,0.0000000000000000,
4.9199999999999999,180.64000000000001,4.9199999999999999,54931.220000000001,4.9199999999999999,0.0000000000000000,
4.9299999999999997,179.64000000000001,4.9299999999999997,54932.220000000001,4.9299999999999997,0.0000000000000000,
4.9400000000000004,178.64000000000001,4.9400000000000004,54933.220000000001,4.9400000000000004,0.0000000000000000,
4.9500000000000002,177.64000000000001,4.9500000000000002,54934.220000000001,4.9500000000000002,0.0000000000000000,
4.9600000000000000,176.64000000000001,4.9600000000000000,54935.220000000001,4.9600000000000000,0.0000000000000000,
4.9699999999999998,175.64000000000001,4.9699999999999998,54936.220000000001,4.9699999999999998,0.0000000000000000,
4.9800000000000004,174.64000000000001,4.9800000000000004,54937.220000000001,4.9800000000000004,0.0000000000000000,
4.9900000000000002,173.64000000000001,4.9900000000000002,54938.220000000001,4.9900000000000002,0.0000000000000000,
5.0000000000000000,172.64000000000001,5.0000000000000000,54939.220000000001,5.0000000000000000,0.0000000000000000,
5.0099999999999998,171.64000000000001,5.0099999999999998,54940.220000000001,5.0099999999999998,0.0000000000000000,
5.0199999999999996,170.64000000000001,5.0199999999999996,54941.220000000001,5.0199999999999996,0.0000000000000000,
5.0300000000000002,169.59999999999999,5.0300000000000002,54942.220000000001,5.0300000000000002,0.0000000000000000,
5.0400000000000000,168.20000000000002,5.0400000000000000,54943.220000000001,5.0400000000000000,0.0000000000000000,
5.0499999999999998,166.33000000000001,5.0499999999999998,54944.220000000001,5.0499999999999998,0.0000000000000000,
5.0599999999999996,164.00000000000000,5.0599999999999996,54945.220000000001,5.0599999999999996,0.0000000000000000,
5.0700000000000003,161.19000000000000,5.0700000000000003,54946.220000000001,5.0700000000000003,0.0000000000000000,
5.0800000000000001,157.92000000000002,5.0800000000000001,54947.220000000001,5.0800000000000001,0.0000000000000000,
5.0899999999999999,154.18000000000001,5.0899999999999999,54948.220000000001,5.0899999999999999,0.0000000000000000,
5.0999999999999996,149.97000000000000,5.0999999999999996,54949.220000000001,5.0999999999999996,0.0000000000000000,
5.1100000000000003,145.30000000000001,5.1100000000000003,54950.220000000001,5.1100000000000003,0.0000000000000000,
5.1200000000000001,140.15000000000001,5.1200000000000001,54951.220000000001,5.1200000000000001,0.0000000000000000,
5.1299999999999999,134.53999999999999,5.1299999999999999,54952.220000000001,5.1299999999999999,0.0000000000000000,
5.1399999999999997,128.46000000000001,5.1399999999999997,54953.220000000001,5.1399999999999997,0.0000000000000000,
5.1500000000000004,121.92000000000000,5.1500000000000004,54954.220000000001,5.1500000000000004,0.0000000000000000,
5.1600000000000001,114.91000000000000,5.1600000000000001,54955.220000000001,5.1600000000000001,0.0000000000000000,
5.1699999999999999,107.43000000000001,5.1699999999999999,54956.220000000001,5.1699999999999999,0.0000000000000000,
5.1799999999999997,99.480000000000004,5.1799999999999997,54957.220000000001,5.1799999999999997,1.0000000000000000,
5.1900000000000004,91.060000000000002,5.1900000000000004,54958.220000000001,5.1900000000000004,1.0000000000000000,
5.2000000000000002,82.180000000000007,5.2000000000000002,54959.220000000001,5.2000000000000002,1.0000000000000000,
5.2100000000000000,72.829999999999998,5.2100000000000000,54960.220000000001,5.2100000000000000,1.0000000000000000,
5.2199999999999998,63.009999999999998,5.2199999999999998,54961.220000000001,5.2199999999999998,1.0000000000000000,
5.2300000000000004,52.719999999999999,5.2300000000000004,54962.220000000001,5.2300000000000004,1.0000000000000000,
5.2400000000000002,41.969999999999999,5.2400000000000002,54963.220000000001,5.2400000000000002,1.0000000000000000,
5.2500000000000000,30.750000000000000,5.2500000000000000,54964.220000000001,5.2500000000000000,1.0000000000000000,
5.2599999999999998,19.129999999999999,5.2599999999999998,54965.220000000001,5.2599999999999998,0.0000000000000000,
5.2699999999999996,7.4600000000000000,5.2699999999999996,54966.220000000001,5.2699999999999996,0.0000000000000000,
5.2800000000000002,355.80000000000001,5.2800000000000002,54967.220000000001,5.2800000000000002,0.0000000000000000,
5.2900000000000000,344.13000000000000,5.2900000000000000,54968.220000000001,5.2900000000000000,0.0000000000000000,
5.2999999999999998,332.47000000000003,5.2999999999999998,54969.220000000001,5.2999999999999998,0.0000000000000000,
5.3099999999999996,321.12000000000000,5.3099999999999996,54970.220000000001,5.3099999999999996,0.0000000000000000,
5.3200000000000003,310.23000000000002,5.3200000000000003,54971.220000000001,5.3200000000000003,0.0000000000000000,
5.3300000000000001,299.81999999999999,5.3300000000000001,54972.220000000001,5.3300000000000001,0.0000000000000000,
5.3399999999999999,289.87000000000000,5.3399999999999999,54973.220000000001,5.3399999999999999,0.0000000000000000,
5.3499999999999996,280.38000000000000,5.3499999999999996,54974.220000000001,5.3499999999999996,0.0000000000000000,
5.3600000000000003,271.37000000000000,5.3600000000000003,54975.220000000001,5.3600000000000003,0.0000000000000000,
5.3700000000000001,262.81999999999999,5.3700000000000001,54976.220000000001,5.3700000000000001,0.0000000000000000,
5.3799999999999999,254.74000000000001,5.3799999999999999,54977.220000000001,5.3799999999999999,0.0000000000000000,
5.3899999999999997,247.13000000000000,5.3899999999999997,54978.220000000001,5.3899999999999997,0.0000000000000000,
5.4000000000000004,239.99000000000001,5.4000000000000004,54979.220000000001,5.4000000000000004,0.0000000000000000,
5.4100000000000001,233.31000000000000,5.4100000000000001,54980.220000000001,5.4100000000000001,0.0000000000000000,
5.4199999999999999,227.09999999999999,5.4199999999999999,54981.220000000001,5.4199999999999999,0.0000000000000000,
5.4299999999999997,221.36000000000001,5.4299999999999997,54982.220000000001,5.4299999999999997,0.0000000000000000,
5.4400000000000004,216.09000000000000,5.4400000000000004,54983.220000000001,5.4400000000000004,0.0000000000000000,
5.4500000000000002,211.28000000000000,5.4500000000000002,54984.220000000001,5.4500000000000002,0.0000000000000000,
5.4600000000000000,206.94000000000000,5.4600000000000000,54985.220000000001,5.4600000000000000,0.0000000000000000,
5.4699999999999998,203.06999999999999,5.4699999999999998,54986.220000000001,5.4699999999999998,0.0000000000000000,
5.4800000000000004,199.67000000000002,5.4800000000000004,54987.220000000001,5.4800000000000004,0.0000000000000000,
5.4900000000000002,196.73000000000002,5.4900000000000002,54988.220000000001,5.4900000000000002,0.0000000000000000,
5.5000000000000000,194.25999999999999,5.5000000000000000,54989.220000000001,5.5000000000000000,0.0000000000000000,
5.5099999999999998,192.25999999999999,5.5099999999999998,54990.220000000001,5.5099999999999998,0.0000000000000000,
5.5199999999999996,190.72999999999999,5.5199999999999996,54991.220000000001,5.5199999999999996,0.0000000000000000,
5.5300000000000002,189.64000000000001,5.5300000000000002,54992.220000000001,5.5300000000000002,0.0000000000000000,
5.5400000000000000,188.64000000000001,5.5400000000000000,54993.220000000001,5.5400000000000000,0.0000000000000000,
5.5499999999999998,187.64000000000001,5.5499999999999998,54994.220000000001,5.5499999999999998,0.0000000000000000,
5.5599999999999996,186.64000000000001,5.5599999999999996,54995.220000000001,5.5599999999999996,0.0000000000000000,
5.5700000000000003,185.64000000000001,5.5700000000000003,54996.220000000001,5.5700000000000003,0.0000000000000000,
5.5800000000000001,184.64000000000001,5.5800000000000001,54997.220000000001,5.5800000000000001,0.0000000000000000,
5.5899999999999999,183.64000000000001,5.5899999999999999,54998.220000000001,5.5899999999999999,0.0000000000000000,
5.5999999999999996,182.64000000000001,5.5999999999999996,54999.220000000001,5.5999999999999996,0.0000000000000000,
5.6100000000000003,181.64000000000001,5.6100000000000003,55000.220000000001,5.6100000000000003,0.0000000000000000,
5.6200000000000001,180.64000000000001,5.6200000000000001,55001.220000000001,5.6200000000000001,0.0000000000000000,
5.6299999999999999,179.64000000000001,5.6299999999999999,55002.220000000001,5.6299999999999999,0.0000000000000000,
5.6399999999999997,178.64000000000001,5.6399999999999997,55003.220000000001,5.6399999999999997,0.0000000000000000,
5.6500000000000004,177.64000000000001,5.6500000000000004,55004.220000000001,5.6500000000000004,0.0000000000000000,
5.6600000000000001,176.64000000000001,5.6600000000000001,55005.220000000001,5.6600000000000001,0.0000000000000000,
5.6699999999999999,175.64000000000001,5.6699999999999999,55006.220000000001,5.6699999999999999,0.0000000000000000,
5.6799999999999997,174.64000000000001,5.6799999999999997,55007.220000000001,5.6799999999999997,0.0000000000000000,
5.6900000000000004,173.64000000000001,5.6900000000000004,55008.220000000001,5.6900000000000004,0.0000000000000000,
5.7000000000000002,172.64000000000001,5.7000000000000002,55009.220000000001,5.7000000000000002,0.0000000000000000,
5.7100000000000000,171.64000000000001,5.7100000000000000,55010.220000000001,5.7100000000000000,0.0000000000000000,
5.7199999999999998,170.64000000000001,5.7199999999999998,55011.220000000001,5.7199999999999998,0.0000000000000000,
5.7300000000000004,169.63000000000000,5.7300000000000004,55012.220000000001,5.7300000000000004,0.0000000000000000,
5.7400000000000002,168.63000000000000,5.7400000000000002,55013.220000000001,5.7400000000000002,0.0000000000000000,
5.7500000000000000,167.59999999999999,5.7500000000000000,55014.220000000001,5.7500000000000000,0.0000000000000000,
5.7599999999999998,166.53000000000000,5.7599999999999998,55015.220000000001,5.7599999999999998,0.0000000000000000,
5.7699999999999996,165.41000000000000,5.7699999999999996,55016.220000000001,5.7699999999999996,0.0000000000000000,
5.7800000000000002,164.21000000000001,5.7800000000000002,55017.220000000001,5.7800000000000002,0.0000000000000000,
5.7900000000000000,162.92000000000002,5.7900000000000000,55018.220000000001,5.7900000000000000,0.0000000000000000,
5.7999999999999998,161.53000000000000,5.7999999999999998,55019.220000000001,5.7999999999999998,0.0000000000000000,
5.8099999999999996,160.00999999999999,5.8099999999999996,55020.220000000001,5.8099999999999996,0.0000000000000000,
5.8200000000000003,158.36000000000001,5.8200000000000003,55021.220000000001,5.8200000000000003,0.0000000000000000,
5.8300000000000001,156.55000000000001,5.8300000000000001,55022.220000000001,5.8300000000000001,0.0000000000000000,
5.8399999999999999,154.56999999999999,5.8399999999999999,55023.220000000001,5.8399999999999999,0.0000000000000000,
5.8499999999999996,152.43000000000001,5.8499999999999996,55024.220000000001,5.8499999999999996,0.0000000000000000,
5.8600000000000003,150.12000000000000,5.8600000000000003,55025.220000000001,5.8600000000000003,0.0000000000000000,
5.8700000000000001,147.65000000000001,5.8700000000000001,55026.220000000001,5.8700000000000001,0.0000000000000000,
5.8799999999999999,145.00000000000000,5.8799999999999999,55027.220000000001,5.8799999999999999,0.0000000000000000,
5.8899999999999997,142.20000000000002,5.8899999999999997,55028.220000000001,5.8899999999999997,1.0000000000000000,
5.9000000000000004,139.22000000000000,5.9000000000000004,55029.220000000001,5.9000000000000004,1.0000000000000000,
5.9100000000000001,136.08000000000001,5.9100000000000001,55030.220000000001,5.9100000000000001,1.0000000000000000,
5.9199999999999999,132.77000000000001,5.9199999999999999,55031.220000000001,5.9199999999999999,1.0000000000000000,
5.9299999999999997,129.28999999999999,5.9299999999999997,55032.220000000001,5.9299999999999997,1.0000000000000000,
5.9400000000000004,125.65000000000001,5.9400000000000004,55033.220000000001,5.9400000000000004,1.0000000000000000,
5.9500000000000002,121.86000000000000,5.9500000000000002,55034.220000000001,5.9500000000000002,1.0000000000000000,
5.9600000000000000,117.93000000000001,5.9600000000000000,55035.220000000001,5.9600000000000000,1.0000000000000000,
5.9699999999999998,113.88000000000000,5.9699999999999998,55036.220000000001,5.9699999999999998,0.0000000000000000,
5.9800000000000004,109.73000000000000,5.9800000000000004,55037.220000000001,5.9800000000000004,0.0000000000000000,
5.9900000000000002,105.49000000000001,5.9900000000000002,55038.220000000001,5.9900000000000002,0.0000000000000000,
6.0000000000000000,101.18000000000001,6.0000000000000000,55039.220000000001,6.0000000000000000,0.0000000000000000,
6.0099999999999998,96.820000000000007,6.0099999999999998,55040.220000000001,6.0099999999999998,0.0000000000000000,
6.0199999999999996,92.420000000000002,6.0199999999999996,55041.220000000001,6.0199999999999996,0.0000000000000000,
6.0300000000000002,88.010000000000005,6.0300000000000002,55042.220000000001,6.0300000000000002,0.0000000000000000,
6.0400000000000000,83.590000000000003,6.0400000000000000,55043.220000000001,6.0400000000000000,0.0000000000000000,
6.0499999999999998,79.180000000000007,6.0499999999999998,55044.220000000001,6.0499999999999998,0.0000000000000000,
6.0599999999999996,74.790000000000006,6.0599999999999996,55045.220000000001,6.0599999999999996,0.0000000000000000,
6.0700000000000003,70.439999999999998,6.0700000000000003,55046.220000000001,6.0700000000000003,0.0000000000000000,
6.0800000000000001,66.140000000000001,6.0800000000000001,55047.220000000001,6.0800000000000001,0.0000000000000000,
6.0899999999999999,61.910000000000004,6.0899999999999999,55048.220000000001,6.0899999999999999,0.0000000000000000,
6.0999999999999996,57.740000000000002,6.0999999999999996,55049.220000000001,6.0999999999999996,0.0000000000000000,
6.1100000000000003,53.670000000000002,6.1100000000000003,55050.220000000001,6.1100000000000003,0.0000000000000000,
6.1200000000000001,49.689999999999998,6.1200000000000001,55051.220000000001,6.1200000000000001,0.0000000000000000,
6.1299999999999999,45.829999999999998,6.1299999999999999,55052.220000000001,6.1299999999999999,0.0000000000000000,
6.1399999999999997,42.100000000000001,6.1399999999999997,55053.220000000001,6.1399999999999997,0.0000000000000000,
6.1500000000000004,38.509999999999998,6.1500000000000004,55054.220000000001,6.1500000000000004,0.0000000000000000,
6.1600000000000001,35.060000000000002,6.1600000000000001,55055.220000000001,6.1600000000000001,0.0000000000000000,
6.1699999999999999,31.789999999999999,6.1699999999999999,55056.220000000001,6.1699999999999999,0.0000000000000000,
6.1799999999999997,28.670000000000002,6.1799999999999997,55057.220000000001,6.1799999999999997,0.0000000000000000,
6.1900000000000004,25.730000000000000,6.1900000000000004,55058.220000000001,6.1900000000000004,0.0000000000000000,
6.2000000000000002,22.949999999999999,6.2000000000000002,55059.220000000001,6.2000000000000002,0.0000000000000000,
6.2100000000000000,20.340000000000000,6.2100000000000000,55060.220000000001,6.2100000000000000,0.0000000000000000,
6.2199999999999998,17.890000000000001,6.2199999999999998,55061.220000000001,6.2199999999999998,0.0000000000000000,
6.2300000000000004,15.610000000000001,6.2300000000000004,55062.220000000001,6.2300000000000004,0.0000000000000000,
6.2400000000000002,13.500000000000000,6.2400000000000002,55063.220000000001,6.2400000000000002,0.0000000000000000,
6.2500000000000000,11.560000000000000,6.2500000000000000,55064.220000000001,6.2500000000000000,0.0000000000000000,
6.2599999999999998,9.7799999999999994,6.2599999999999998,55065.220000000001,6.2599999999999998,0.0000000000000000,
6.2699999999999996,8.1699999999999999,6.2699999999999996,55066.220000000001,6.2699999999999996,0.0000000000000000,
6.2800000000000002,6.7199999999999998,6.2800000000000002,55067.220000000001,6.2800000000000002,0.0000000000000000,
6.2900000000000000,5.4400000000000004,6.2900000000000000,55068.220000000001,6.2900000000000000,0.0000000000000000,
6.2999999999999998,4.3300000000000001,6.2999999999999998,55069.220000000001,6.2999999999999998,0.0000000000000000,
6.3099999999999996,3.3799999999999999,6.3099999999999996,55070.220000000001,6.3099999999999996,0.0000000000000000,
6.3200000000000003,2.5800000000000001,6.3200000000000003,55071.220000000001,6.3200000000000003,0.0000000000000000,
6.3300000000000001,1.9199999999999999,6.3300000000000001,55072.220000000001,6.3300000000000001,0.0000000000000000,
6.3399999999999999,1.3800000000000001,6.3399999999999999,55073.220000000001,6.3399999999999999,0.0000000000000000,
6.3499999999999996,0.95999999999999996,6.3499999999999996,55074.220000000001,6.3499999999999996,0.0000000000000000,
6.3600000000000003,0.63000000000000000,6.3600000000000003,55075.220000000001,6.3600000000000003,0.0000000000000000,
6.3700000000000001,0.39000000000000001,6.3700000000000001,55076.220000000001,6.3700000000000001,0.0000000000000000,
6.3799999999999999,0.22000000000000000,6.3799999999999999,55077.220000000001,6.3799999999999999,0.0000000000000000,
6.3899999999999997,0.11000000000000000,6.3899999999999997,55078.220000000001,6.3899999999999997,0.0000000000000000,
6.4000000000000004,0.040000000000000001,6.4000000000000004,55079.220000000001,6.4000000000000004,0.0000000000000000,
6.4100000000000001,0.010000000000000000,6.4100000000000001,55080.220000000001,6.4100000000000001,0.0000000000000000,
6.4199999999999999,0.010000000000000000,6.4199999999999999,55081.220000000001,6.4199999999999999,0.0000000000000000,
6.4299999999999997,0.0000000000000000,6.4299999999999997,55082.220000000001,6.4299999999999997,0.0000000000000000,
6.4400000000000004,0.0000000000000000,6.4400000000000004,55083.220000000001,6.4400000000000004,0.0000000000000000,
6.4500000000000002,0.0000000000000000,6.4500000000000002,55084.220000000001,6.4500000000000002,0.0000000000000000,
6.4600000000000000,0.0000000000000000,6.4600000000000000,55085.220000000001,6.4600000000000000,0.0000000000000000,
6.4699999999999998,0.0000000000000000,6.4699999999999998,55086.220000000001,6.4699999999999998,0.0000000000000000,
6.4800000000000004,0.0000000000000000,6.4800000000000004,55087.220000000001,6.4800000000000004,0.0000000000000000,
6.4900000000000002,0.0000000000000000,6.4900000000000002,55088.220000000001,6.4900000000000002,0.0000000000000000,
6.5000000000000000,0.0000000000000000,6.5000000000000000,55089.220000000001,6.5000000000000000,0.0000000000000000,
6.5099999999999998,0.0000000000000000,6.5099999999999998,55090.220000000001,6.5099999999999998,0.0000000000000000,
6.5199999999999996,0.0000000000000000,6.5199999999999996,55091.220000000001,6.5199999999999996,0.0000000000000000,
6.5300000000000002,0.0000000000000000,6.5300000000000002,55092.220000000001,6.5300000000000002,0.0000000000000000,
6.5400000000000000,0.0000000000000000,6.5400000000000000,55093.220000000001,6.5400000000000000,0.0000000000000000,
6.5499999999999998,0.0000000000000000,6.5499999999999998,55094.220000000001,6.5499999999999998,0.0000000000000000,
6.5599999999999996,0.0000000000000000,6.5599999999999996,55095.220000000001,6.5599999999999996,0.0000000000000000,
6.5700000000000003,0.0000000000000000,6.5700000000000003,55096.220000000001,6.5700000000000003,0.0000000000000000,
6.5800000000000001,0.0000000000000000,6.5800000000000001,55097.220000000001,6.5800000000000001,0.0000000000000000,
6.5899999999999999,0.0000000000000000,6.5899999999999999,55098.220000000001,6.5899999999999999,1.0000000000000000,
6.5999999999999996,0.0000000000000000,6.5999999999999996,55099.220000000001,6.5999999999999996,1.0000000000000000,
6.6100000000000003,0.0000000000000000,6.6100000000000003,55100.220000000001,6.6100000000000003,1.0000000000000000,
6.6200000000000001,0.0000000000000000,6.6200000000000001,55101.220000000001,6.6200000000000001,1.0000000000000000,
6.6299999999999999,0.0000000000000000,6.6299999999999999,55102.220000000001,6.6299999999999999,1.0000000000000000,
6.6399999999999997,0.0000000000000000,6.6399999999999997,55103.220000000001,6.6399999999999997,1.0000000000000000,
6.6500000000000004,0.0000000000000000,6.6500000000000004,55104.220000000001,6.6500000000000004,1.0000000000000000,
6.6600000000000001,0.0000000000000000,6.6600000000000001,55105.220000000001,6.6600000000000001,1.0000000000000000,
6.6699999999999999,0.0000000000000000,6.6699999999999999,55106.220000000001,6.6699999999999999,1.0000000000000000,
6.6799999999999997,0.0000000000000000,6.6799999999999997,55107.220000000001,6.6799999999999997,0.0000000000000000,
6.6900000000000004,0.0000000000000000,6.6900000000000004,55108.220000000001,6.6900000000000004,0.0000000000000000,
6.7000000000000002,0.0000000000000000,6.7000000000000002,55109.220000000001,6.7000000000000002,0.0000000000000000,
6.7100000000000000,0.0000000000000000,6.7100000000000000,55110.220000000001,6.7100000000000000,0.0000000000000000,
6.7199999999999998,0.0000000000000000,6.7199999999999998,55111.220000000001,6.7199999999999998,0.0000000000000000,
6.7300000000000004,0.0000000000000000,6.7300000000000004,55112.220000000001,6.7300000000000004,0.0000000000000000,
6.7400000000000002,0.0000000000000000,6.7400000000000002,55113.220000000001,6.7400000000000002,0.0000000000000000,
6.7500000000000000,0.0000000000000000,6.7500000000000000,55114.220000000001,6.7500000000000000,0.0000000000000000,
6.7599999999999998,0.0000000000000000,6.7599999999999998,55115.220000000001,6.7599999999999998,0.0000000000000000,
6.7699999999999996,0.0000000000000000,6.7699999999999996,55116.220000000001,6.7699999999999996,0.0000000000000000,
6.7800000000000002,0.0000000000000000,6.7800000000000002,55117.220000000001,6.7800000000000002,0.0000000000000000,
6.7900000000000000,0.0000000000000000,6.7900000000000000,55118.220000000001,6.7900000000000000,0.0000000000000000,
6.7999999999999998,0.0000000000000000,6.7999999999999998,55119.220000000001,6.7999999999999998,0.0000000000000000,
6.8099999999999996,0.0000000000000000,6.8099999999999996,55120.220000000001,6.8099999999999996,0.0000000000000000,
6.8200000000000003,0.0000000000000000,6.8200000000000003,55121.220000000001,6.8200000000000003,0.0000000000000000,
6.8300000000000001,0.0000000000000000,6.8300000000000001,55122.220000000001,6.8300000000000001,0.0000000000000000,
6.8399999999999999,0.0000000000000000,6.8399999999999999,55123.220000000001,6.8399999999999999,0.0000000000000000,
6.8499999999999996,0.0000000000000000,6.8499999999999996,55124.220000000001,6.8499999999999996,0.0000000000000000,
6.8600000000000003,0.0000000000000000,6.8600000000000003,55125.220000000001,6.8600000000000003,0.0000000000000000,
6.8700000000000001,0.0000000000000000,6.8700000000000001,55126.220000000001,6.8700000000000001,0.0000000000000000,
6.8799999999999999,0.0000000000000000,6.8799999999999999,55127.220000000001,6.8799999999999999,0.0000000000000000,
6.8899999999999997,0.0000000000000000,6.8899999999999997,55128.220000000001,6.8899999999999997,0.0000000000000000,
6.9000000000000004,0.0000000000000000,6.9000000000000004,55129.220000000001,6.9000000000000004,0.0000000000000000,
6.9100000000000001,0.0000000000000000,6.9100000000000001,55130.220000000001,6.9100000000000001,0.0000000000000000,
6.9199999999999999,0.0000000000000000,6.9199999999999999,55131.220000000001,6.9199999999999999,0.0000000000000000,
6.9299999999999997,0.0000000000000000,6.9299999999999997,55132.220000000001,6.9299999999999997,0.0000000000000000,
6.9400000000000004,0.0000000000000000,6.9400000000000004,55133.220000000001,6.9400000000000004,0.0000000000000000,
6.9500000000000002,0.0000000000000000,6.9500000000000002,55134.220000000001,6.9500000000000002,0.0000000000000000,
6.9600000000000000,0.0000000000000000,6.9600000000000000,55135.220000000001,6.9600000000000000,0.0000000000000000,
6.9699999999999998,0.0000000000000000,6.9699999999999998,55136.220000000001,6.9699999999999998,0.0000000000000000,
6.9800000000000004,0.0000000000000000,6.9800000000000004,55137.220000000001,6.9800000000000004,0.0000000000000000,
6.9900000000000002,0.0000000000000000,6.9900000000000002,55138.220000000001,6.9900000000000002,0.0000000000000000,
7.0000000000000000,0.0000000000000000,7.0000000000000000,55139.220000000001,7.0000000000000000,0.0000000000000000,
7.0099999999999998,0.0000000000000000,7.0099999999999998,55140.220000000001,7.0099999999999998,0.0000000000000000,
7.0199999999999996,0.0000000000000000,7.0199999999999996,55141.220000000001,7.0199999999999996,0.0000000000000000,
7.0300000000000002,0.0000000000000000,7.0300000000000002,55142.220000000001,7.0300000000000002,0.0000000000000000,
7.0400000000000000,0.0000000000000000,7.0400000000000000,55143.220000000001,7.0400000000000000,0.0000000000000000,
7.0499999999999998,0.0000000000000000,7.0499999999999998,55144.220000000001,7.0499999999999998,0.0000000000000000,
7.0599999999999996,0.0000000000000000,7.0599999999999996,55145.220000000001,7.0599999999999996,0.0000000000000000,
7.0700000000000003,0.0000000000000000,7.0700000000000003,55146.220000000001,7.0700000000000003,0.0000000000000000,
7.0800000000000001,0.0000000000000000,7.0800000000000001,55147.220000000001,7.0800000000000001,0.0000000000000000,
7.0899999999999999,0.0000000000000000,7.0899999999999999,55148.220000000001,7.0899999999999999,0.0000000000000000,
7.0999999999999996,0.0000000000000000,7.0999999999999996,55149.220000000001,7.0999999999999996,0.0000000000000000,
7.1100000000000003,0.0000000000000000,7.1100000000000003,55150.220000000001,7.1100000000000003,0.0000000000000000,
7.1200000000000001,0.0000000000000000,7.1200000000000001,55151.220000000001,7.1200000000000001,0.0000000000000000,
7.1299999999999999,0.0000000000000000,7.1299999999999999,55152.220000000001,7.1299999999999999,0.0000000000000000,
7.1399999999999997,0.0000000000000000,7.1399999999999997,55153.220000000001,7.1399999999999997,0.0000000000000000,
7.1500000000000004,0.0000000000000000,7.1500000000000004,55154.220000000001,7.1500000000000004,0.0000000000000000,
7.1600000000000001,0.0000000000000000,7.1600000000000001,55155.220000000001,7.1600000000000001,0.0000000000000000,
7.1699999999999999,0.0000000000000000,7.1699999999999999,55156.220000000001,7.1699999999999999,0.0000000000000000,
7.1799999999999997,0.0000000000000000,7.1799999999999997,55157.220000000001,7.1799999999999997,0.0000000000000000,
7.1900000000000004,0.0000000000000000,7.1900000000000004,55158.220000000001,7.1900000000000004,0.0000000000000000,
7.2000000000000002,0.0000000000000000,7.2000000000000002,55159.220000000001,7.2000000000000002,0.0000000000000000,
7.2100000000000000,0.0000000000000000,7.2100000000000000,55160.220000000001,7.2100000000000000,0.0000000000000000,
7.2199999999999998,0.0000000000000000,7.2199999999999998,55161.220000000001,7.2199999999999998,0.0000000000000000,
7.2300000000000004,0.0000000000000000,7.2300000000000004,55162.220000000001,7.2300000000000004,0.0000000000000000,
7.2400000000000002,0.0000000000000000,7.2400000000000002,55163.220000000001,7.2400000000000002,0.0000000000000000,
7.2500000000000000,0.0000000000000000,7.2500000000000000,55164.220000000001,7.2500000000000000,0.0000000000000000,
7.2599999999999998,0.0000000000000000,7.2599999999999998,55165.220000000001,7.2599999999999998,0.0000000000000000,
7.2699999999999996,0.0000000000000000,7.2699999999999996,55166.220000000001,7.2699999999999996,1.0000000000000000,
7.2800000000000002,0.0000000000000000,7.2800000000000002,55167.220000000001,7.2800000000000002,1.0000000000000000,
7.2900000000000000,0.0000000000000000,7.2900000000000000,55168.220000000001,7.2900000000000000,1.0000000000000000,
7.2999999999999998,0.0000000000000000,7.2999999999999998,55169.220000000001,7.2999999999999998,1.0000000000000000,
7.3099999999999996,0.0000000000000000,7.3099999999999996,55170.220000000001,7.3099999999999996,1.0000000000000000,
7.3200000000000003,0.0000000000000000,7.3200000000000003,55171.220000000001,7.3200000000000003,1.0000000000000000,
7.3300000000000001,0.0000000000000000,7.3300000000000001,55172.220000000001,7.3300000000000001,1.0000000000000000,
7.3399999999999999,0.0000000000000000,7.3399999999999999,55173.220000000001,7.3399999999999999,1.0000000000000000,
7.3499999999999996,0.0000000000000000,7.3499999999999996,55174.220000000001,7.3499999999999996,0.0000000000000000,
7.3600000000000003,0.0000000000000000,7.3600000000000003,55175.220000000001,7.3600000000000003,0.0000000000000000,
7.3700000000000001,0.0000000000000000,7.3700000000000001,55176.220000000001,7.3700000000000001,0.0000000000000000,
7.3799999999999999,0.0000000000000000,7.3799999999999999,55177.220000000001,7.3799999999999999,0.0000000000000000,
7.3899999999999997,0.0000000000000000,7.3899999999999997,55178.220000000001,7.3899999999999997,0.0000000000000000,
7.4000000000000004,0.0000000000000000,7.4000000000000004,55179.220000000001,7.4000000000000004,0.0000000000000000,
7.4100000000000001,0.0000000000000000,7.4100000000000001,55180.220000000001,7.4100000000000001,0.0000000000000000,
7.4199999999999999,0.0000000000000000,7.4199999999999999,55181.220000000001,7.4199999999999999,0.0000000000000000,
7.4299999999999997,0.0000000000000000,7.4299999999999997,55182.220000000001,7.4299999999999997,0.0000000000000000,
7.4400000000000004,0.0000000000000000,7.4400000000000004,55183.220000000001,7.4400000000000004,0.0000000000000000,
7.4500000000000002,0.0000000000000000,7.4500000000000002,55184.220000000001,7.4500000000000002,0.0000000000000000,
7.4600000000000000,0.0000000000000000,7.4600000000000000,55185.220000000001,7.4600000000000000,0.0000000000000000,
7.4699999999999998,0.0000000000000000,7.4699999999999998,55186.220000000001,7.4699999999999998,0.0000000000000000,
7.4800000000000004,0.0000000000000000,7.4800000000000004,55187.220000000001,7.4800000000000004,0.0000000000000000,
7.4900000000000002,0.0000000000000000,7.4900000000000002,55188.220000000001,7.4900000000000002,0.0000000000000000,
7.5000000000000000,0.0000000000000000,7.5000000000000000,55189.220000000001,7.5000000000000000,0.0000000000000000,
7.5099999999999998,0.0000000000000000,7.5099999999999998,55190.220000000001,7.5099999999999998,0.0000000000000000,
7.5199999999999996,0.0000000000000000,7.5199999999999996,55191.220000000001,7.5199999999999996,0.0000000000000000,
7.5300000000000002,0.0000000000000000,7.5300000000000002,55192.220000000001,7.5300000000000002,0.0000000000000000,
7.5400000000000000,0.0000000000000000,7.5400000000000000,55193.220000000001,7.5400000000000000,0.0000000000000000,
7.5499999999999998,0.0000000000000000,7.5499999999999998,55194.220000000001,7.5499999999999998,0.0000000000000000,
7.5599999999999996,0.0000000000000000,7.5599999999999996,55195.220000000001,7.5599999999999996,0.0000000000000000,
7.5700000000000003,0.0000000000000000,7.5700000000000003,55196.220000000001,7.5700000000000003,0.0000000000000000,
7.5800000000000001,0.0000000000000000,7.5800000000000001,55197.220000000001,7.5800000000000001,0.0000000000000000,
7.5899999999999999,0.0000000000000000,7.5899999999999999,55198.220000000001,7.5899999999999999,0.0000000000000000,
7.5999999999999996,0.0000000000000000,7.5999999999999996,55199.220000000001,7.5999999999999996,0.0000000000000000,
7.6100000000000003,0.0000000000000000,7.6100000000000003,55200.220000000001,7.6100000000000003,0.0000000000000000,
7.6200000000000001,0.0000000000000000,7.6200000000000001,55201.220000000001,7.6200000000000001,0.0000000000000000,
7.6299999999999999,0.0000000000000000,7.6299999999999999,55202.220000000001,7.6299999999999999,0.0000000000000000,
7.6399999999999997,0.0000000000000000,7.6399999999999997,55203.220000000001,7.6399999999999997,0.0000000000000000,
7.6500000000000004,0.0000000000000000,7.6500000000000004,55204.220000000001,7.6500000000000004,0.0000000000000000,
7.6600000000000001,0.0000000000000000,7.6600000000000001,55205.220000000001,7.6600000000000001,0.0000000000000000,
7.6699999999999999,0.0000000000000000,7.6699999999999999,55206.220000000001,7.6699999999999999,0.0000000000000000,
7.6799999999999997,0.0000000000000000,7.6799999999999997,55207.220000000001,7.6799999999999997,0.0000000000000000,
7.6900000000000004,0.0000000000000000,7.6900000000000004,55208.220000000001,7.6900000000000004,0.0000000000000000,
7.7000000000000002,0.0000000000000000,7.7000000000000002,55209.220000000001,7.7000000000000002,0.0000000000000000,
7.7100000000000000,0.0000000000000000,7.7100000000000000,55210.220000000001,7.7100000000000000,0.0000000000000000,
7.7199999999999998,0.0000000000000000,7.7199999999999998,55211.220000000001,7.7199999999999998,0.0000000000000000,
7.7300000000000004,0.0000000000000000,7.7300000000000004,55212.220000000001,7.7300000000000004,0.0000000000000000,
7.7400000000000002,0.0000000000000000,7.7400000000000002,55213.220000000001,7.7400000000000002,0.0000000000000000,
7.7500000000000000,0.0000000000000000,7.7500000000000000,55214.220000000001,7.7500000000000000,0.0000000000000000,
7.7599999999999998,0.0000000000000000,7.7599999999999998,55215.220000000001,7.7599999999999998,0.0000000000000000,
7.7699999999999996,0.0000000000000000,7.7699999999999996,55216.220000000001,7.7699999999999996,0.0000000000000000,
7.7800000000000002,0.0000000000000000,7.7800000000000002,55217.220000000001,7.7800000000000002,0.0000000000000000,
7.7900000000000000,0.0000000000000000,7.7900000000000000,55218.220000000001,7.7900000000000000,0.0000000000000000,
7.7999999999999998,0.0000000000000000,7.7999999999999998,55219.220000000001,7.7999999999999998,0.0000000000000000,
7.8099999999999996,0.0000000000000000,7.8099999999999996,55220.220000000001,7.8099999999999996,0.0000000000000000,
7.8200000000000003,0.0000000000000000,7.8200000000000003,55221.220000000001,7.8200000000000003,0.0000000000000000,
7.8300000000000001,0.0000000000000000,7.8300000000000001,55222.220000000001,7.8300000000000001,0.0000000000000000,
7.8399999999999999,0.0000000000000000,7.8399999999999999,55223.220000000001,7.8399999999999999,0.0000000000000000,
7.8499999999999996,0.0000000000000000,7.8499999999999996,55224.220000000001,7.8499999999999996,0.0000000000000000,
7.8600000000000003,0.0000000000000000,7.8600000000000003,55225.220000000001,7.8600000000000003,0.0000000000000000,
7.8700000000000001,0.0000000000000000,7.8700000000000001,55226.220000000001,7.8700000000000001,0.0000000000000000,
7.8799999999999999,0.0000000000000000,7.8799999999999999,55227.220000000001,7.8799999999999999,0.0000000000000000,
7.8899999999999997,0.0000000000000000,7.8899999999999997,55228.220000000001,7.8899999999999997,0.0000000000000000,
7.9000000000000004,0.0000000000000000,7.9000000000000004,55229.220000000001,7.9000000000000004,0.0000000000000000,
7.9100000000000001,0.0000000000000000,7.9100000000000001,55230.220000000001,7.9100000000000001,0.0000000000000000,
7.9199999999999999,0.0000000000000000,7.9199999999999999,55231.220000000001,7.9199999999999999,0.0000000000000000,
7.9299999999999997,0.0000000000000000,7.9299999999999997,55232.220000000001,7.9299999999999997,0.0000000000000000,
7.9400000000000004,0.0000000000000000,7.9400000000000004,55233.220000000001,7.9400000000000004,0.0000000000000000,
7.9500000000000002,0.0000000000000000,7.9500000000000002,55234.220000000001,7.9500000000000002,0.0000000000000000,
7.9600000000000000,0.0000000000000000,7.9600000000000000,55235.220000000001,7.9600000000000000,0.0000000000000000,
7.9699999999999998,0.0000000000000000,7.9699999999999998,55236.220000000001,7.9699999999999998,0.0000000000000000,
7.9800000000000004,0.0000000000000000,7.9800000000000004,55237.220000000001,7.9800000000000004,0.0000000000000000,
7.9900000000000002,0.0000000000000000,7.9900000000000002,55238.220000000001,7.9900000000000002,1.0000000000000000,
8.0000000000000000,0.0000000000000000,8.0000000000000000,55239.220000000001,8.0000000000000000,1.0000000000000000,
8.0099999999999998,0.0000000000000000,8.0099999999999998,55240.220000000001,8.0099999999999998,1.0000000000000000,
8.0199999999999996,0.0000000000000000,8.0199999999999996,55241.220000000001,8.0199999999999996,1.0000000000000000,
8.0299999999999994,0.0000000000000000,8.0299999999999994,55242.220000000001,8.0299999999999994,1.0000000000000000,
8.0399999999999991,0.0000000000000000,8.0399999999999991,55243.220000000001,8.0399999999999991,1.0000000000000000,
8.0500000000000007,0.0000000000000000,8.0500000000000007,55244.220000000001,8.0500000000000007,1.0000000000000000,
8.0600000000000005,0.0000000000000000,8.0600000000000005,55245.220000000001,8.0600000000000005,1.0000000000000000,
8.0700000000000003,0.0000000000000000,8.0700000000000003,55246.220000000001,8.0700000000000003,0.0000000000000000,
8.0800000000000001,0.0000000000000000,8.0800000000000001,55247.220000000001,8.0800000000000001,0.0000000000000000,
8.0899999999999999,0.0000000000000000,8.0899999999999999,55248.220000000001,8.0899999999999999,0.0000000000000000,
8.0999999999999996,0.0000000000000000,8.0999999999999996,55249.220000000001,8.0999999999999996,0.0000000000000000,
8.1099999999999994,0.0000000000000000,8.1099999999999994,55250.220000000001,8.1099999999999994,0.0000000000000000,
8.1199999999999992,0.0000000000000000,8.1199999999999992,55251.220000000001,8.1199999999999992,0.0000000000000000,
8.1300000000000008,0.0000000000000000,8.1300000000000008,55252.220000000001,8.1300000000000008,0.0000000000000000,
8.1400000000000006,0.0000000000000000,8.1400000000000006,55253.220000000001,8.1400000000000006,0.0000000000000000,
8.1500000000000004,0.0000000000000000,8.1500000000000004,55254.220000000001,8.1500000000000004,0.0000000000000000,
8.1600000000000001,0.0000000000000000,8.1600000000000001,55255.220000000001,8.1600000000000001,0.0000000000000000,
8.1699999999999999,0.0000000000000000,8.1699999999999999,55256.220000000001,8.1699999999999999,0.0000000000000000,
8.1799999999999997,0.0000000000000000,8.1799999999999997,55257.220000000001,8.1799999999999997,0.0000000000000000,
8.1899999999999995,0.0000000000000000,8.1899999999999995,55258.220000000001,8.1899999999999995,0.0000000000000000,
8.1999999999999993,0.0000000000000000,8.1999999999999993,55259.220000000001,8.1999999999999993,0.0000000000000000,
8.2100000000000009,0.0000000000000000,8.2100000000000009,55260.220000000001,8.2100000000000009,0.0000000000000000,
8.2200000000000006,0.0000000000000000,8.2200000000000006,55261.220000000001,8.2200000000000006,0.0000000000000000,
8.2300000000000004,0.0000000000000000,8.2300000000000004,55262.220000000001,8.2300000000000004,0.0000000000000000,
8.2400000000000002,0.0000000000000000,8.2400000000000002,55263.220000000001,8.2400000000000002,0.0000000000000000,
8.2500000000000000,0.0000000000000000,8.2500000000000000,55264.220000000001,8.2500000000000000,0.0000000000000000,
8.2599999999999998,0.0000000000000000,8.2599999999999998,55265.220000000001,8.2599999999999998,0.0000000000000000,
8.2699999999999996,0.0000000000000000,8.2699999999999996,55266.220000000001,8.2699999999999996,0.0000000000000000,
8.2799999999999994,0.0000000000000000,8.2799999999999994,55267.220000000001,8.2799999999999994,0.0000000000000000,
8.2899999999999991,0.0000000000000000,8.2899999999999991,55268.220000000001,8.2899999999999991,0.0000000000000000,
8.3000000000000007,0.0000000000000000,8.3000000000000007,55269.220000000001,8.3000000000000007,0.0000000000000000,
8.3100000000000005,0.0000000000000000,8.3100000000000005,55270.220000000001,8.3100000000000005,0.0000000000000000,
8.3200000000000003,0.0000000000000000,8.3200000000000003,55271.220000000001,8.3200000000000003,0.0000000000000000,
8.3300000000000001,0.0000000000000000,8.3300000000000001,55272.220000000001,8.3300000000000001,0.0000000000000000,
8.3399999999999999,0.0000000000000000,8.3399999999999999,55273.220000000001,8.3399999999999999,0.0000000000000000,
8.3499999999999996,0.0000000000000000,8.3499999999999996,55274.220000000001,8.3499999999999996,0.0000000000000000,
8.3599999999999994,0.0000000000000000,8.3599999999999994,55275.220000000001,8.3599999999999994,0.0000000000000000,
8.3699999999999992,0.0000000000000000,8.3699999999999992,55276.220000000001,8.3699999999999992,0.0000000000000000,
8.3800000000000008,0.0000000000000000,8.3800000000000008,55277.220000000001,8.3800000000000008,0.0000000000000000,
8.3900000000000006,0.0000000000000000,8.3900000000000006,55278.220000000001,8.3900000000000006,0.0000000000000000,
8.4000000000000004,0.0000000000000000,8.4000000000000004,55279.220000000001,8.4000000000000004,0.0000000000000000,
8.4100000000000001,0.0000000000000000,8.4100000000000001,55280.220000000001,8.4100000000000001,0.0000000000000000,
8.4199999999999999,0.0000000000000000,8.4199999999999999,55281.220000000001,8.4199999999999999,0.0000000000000000,
8.4299999999999997,0.0000000000000000,8.4299999999999997,55282.220000000001,8.4299999999999997,0.0000000000000000,
8.4399999999999995,0.0000000000000000,8.4399999999999995,55283.220000000001,8.4399999999999995,0.0000000000000000,
8.4499999999999993,0.0000000000000000,8.4499999999999993,55284.220000000001,8.4499999999999993,0.0000000000000000,
8.4600000000000009,0.0000000000000000,8.4600000000000009,55285.220000000001,8.4600000000000009,0.0000000000000000,
8.4700000000000006,0.0000000000000000,8.4700000000000006,55286.220000000001,8.4700000000000006,0.0000000000000000,
8.4800000000000004,0.0000000000000000,8.4800000000000004,55287.220000000001,8.4800000000000004,0.0000000000000000,
8.4900000000000002,0.0000000000000000,8.4900000000000002,55288.220000000001,8.4900000000000002,0.0000000000000000,
8.5000000000000000,0.0000000000000000,8.5000000000000000,55289.220000000001,8.5000000000000000,0.0000000000000000,
8.5099999999999998,0.0000000000000000,8.5099999999999998,55290.220000000001,8.5099999999999998,0.0000000000000000,
8.5199999999999996,0.0000000000000000,8.5199999999999996,55291.220000000001,8.5199999999999996,0.0000000000000000,
8.5299999999999994,0.0000000000000000,8.5299999999999994,55292.220000000001,8.5299999999999994,0.0000000000000000,
8.5399999999999991,0.0000000000000000,8.5399999999999991,55293.220000000001,8.5399999999999991,0.0000000000000000,
8.5500000000000007,0.0000000000000000,8.5500000000000007,55294.220000000001,8.5500000000000007,0.0000000000000000,
8.5600000000000005,0.0000000000000000,8.5600000000000005,55295.220000000001,8.5600000000000005,0.0000000000000000,
8.5700000000000003,0.0000000000000000,8.5700000000000003,55296.220000000001,8.5700000000000003,0.0000000000000000,
8.5800000000000001,0.0000000000000000,8.5800000000000001,55297.220000000001,8.5800000000000001,0.0000000000000000,
8.5899999999999999,0.0000000000000000,8.5899999999999999,55298.220000000001,8.5899999999999999,0.0000000000000000,
8.5999999999999996,0.0000000000000000,8.5999999999999996,55299.220000000001,8.5999999999999996,0.0000000000000000,
8.6099999999999994,0.0000000000000000,8.6099999999999994,55300.220000000001,8.6099999999999994,0.0000000000000000,
8.6199999999999992,0.0000000000000000,8.6199999999999992,55301.220000000001,8.6199999999999992,0.0000000000000000,
8.6300000000000008,0.0000000000000000,8.6300000000000008,55302.220000000001,8.6300000000000008,0.0000000000000000,
8.6400000000000006,0.0000000000000000,8.6400000000000006,55303.220000000001,8.6400000000000006,0.0000000000000000,
8.6500000000000004,0.0000000000000000,8.6500000000000004,55304.220000000001,8.6500000000000004,0.0000000000000000,
8.6600000000000001,0.0000000000000000,8.6600000000000001,55305.220000000001,8.6600000000000001,0.0000000000000000,
8.6699999999999999,0.0000000000000000,8.6699999999999999,55306.220000000001,8.6699999999999999,1.0000000000000000,
8.6799999999999997,0.0000000000000000,8.6799999999999997,55307.220000000001,8.6799999999999997,1.0000000000000000,
8.6899999999999995,0.0000000000000000,8.6899999999999995,55308.220000000001,8.6899999999999995,1.0000000000000000,
8.6999999999999993,0.0000000000000000,8.6999999999999993,55309.220000000001,8.6999999999999993,1.0000000000000000,
8.7100000000000009,0.0000000000000000,8.7100000000000009,55310.220000000001,8.7100000000000009,1.0000000000000000,